This is pdfTeX, Version 3.141592653-2.6-1.40.28 (TeX Live 2025) (preloaded format=pdflatex 2026.2.24)  18 JUL 2026 10:23
entering extended mode
 restricted \write18 enabled.
 %&-line parsing enabled.
**MAIN.tex
(./MAIN.tex
LaTeX2e <2025-11-01>
L3 programming layer <2025-11-06>
(/usr/local/texlive/2025/texmf-dist/tex/latex/base/report.cls
Document Class: report 2025/01/22 v1.4n Standard LaTeX document class
(/usr/local/texlive/2025/texmf-dist/tex/latex/base/size12.clo
File: size12.clo 2025/01/22 v1.4n Standard LaTeX file (size option)
)
\c@part=\count275
\c@chapter=\count276
\c@section=\count277
\c@subsection=\count278
\c@subsubsection=\count279
\c@paragraph=\count280
\c@subparagraph=\count281
\c@figure=\count282
\c@table=\count283
\abovecaptionskip=\skip49
\belowcaptionskip=\skip50
\bibindent=\dimen148
) (/usr/local/texlive/2025/texmf-dist/tex/latex/emptypage/emptypage.sty
Package: emptypage 2010/05/30 v1.2 Suppress page numbers and headings on empty pages
) (/usr/local/texlive/2025/texmf-dist/tex/latex/geometry/geometry.sty
Package: geometry 2020/01/02 v5.9 Page Geometry
 (/usr/local/texlive/2025/texmf-dist/tex/latex/graphics/keyval.sty
Package: keyval 2022/05/29 v1.15 key=value parser (DPC)
\KV@toks@=\toks17
) (/usr/local/texlive/2025/texmf-dist/tex/generic/iftex/ifvtex.sty
Package: ifvtex 2019/10/25 v1.7 ifvtex legacy package. Use iftex instead.
 (/usr/local/texlive/2025/texmf-dist/tex/generic/iftex/iftex.sty
Package: iftex 2024/12/12 v1.0g TeX engine tests
))
\Gm@cnth=\count284
\Gm@cntv=\count285
\c@Gm@tempcnt=\count286
\Gm@bindingoffset=\dimen149
\Gm@wd@mp=\dimen150
\Gm@odd@mp=\dimen151
\Gm@even@mp=\dimen152
\Gm@layoutwidth=\dimen153
\Gm@layoutheight=\dimen154
\Gm@layouthoffset=\dimen155
\Gm@layoutvoffset=\dimen156
\Gm@dimlist=\toks18
) (/usr/local/texlive/2025/texmf-dist/tex/latex/psnfss/times.sty
Package: times 2020/03/25 PSNFSS-v9.3 (SPQR) 
) (/usr/local/texlive/2025/texmf-dist/tex/latex/amsmath/amsmath.sty
Package: amsmath 2025/07/09 v2.17z AMS math features
\@mathmargin=\skip51

For additional information on amsmath, use the `?' option.
(/usr/local/texlive/2025/texmf-dist/tex/latex/amsmath/amstext.sty
Package: amstext 2024/11/17 v2.01 AMS text
 (/usr/local/texlive/2025/texmf-dist/tex/latex/amsmath/amsgen.sty
File: amsgen.sty 1999/11/30 v2.0 generic functions
\@emptytoks=\toks19
\ex@=\dimen157
)) (/usr/local/texlive/2025/texmf-dist/tex/latex/amsmath/amsbsy.sty
Package: amsbsy 1999/11/29 v1.2d Bold Symbols
\pmbraise@=\dimen158
) (/usr/local/texlive/2025/texmf-dist/tex/latex/amsmath/amsopn.sty
Package: amsopn 2022/04/08 v2.04 operator names
)
\inf@bad=\count287
LaTeX Info: Redefining \frac on input line 233.
\uproot@=\count288
\leftroot@=\count289
LaTeX Info: Redefining \overline on input line 398.
LaTeX Info: Redefining \colon on input line 409.
\classnum@=\count290
\DOTSCASE@=\count291
LaTeX Info: Redefining \ldots on input line 495.
LaTeX Info: Redefining \dots on input line 498.
LaTeX Info: Redefining \cdots on input line 619.
\Mathstrutbox@=\box53
\strutbox@=\box54
LaTeX Info: Redefining \big on input line 721.
LaTeX Info: Redefining \Big on input line 722.
LaTeX Info: Redefining \bigg on input line 723.
LaTeX Info: Redefining \Bigg on input line 724.
\big@size=\dimen159
LaTeX Font Info:    Redeclaring font encoding OML on input line 742.
LaTeX Font Info:    Redeclaring font encoding OMS on input line 743.
\macc@depth=\count292
LaTeX Info: Redefining \bmod on input line 904.
LaTeX Info: Redefining \pmod on input line 909.
LaTeX Info: Redefining \smash on input line 939.
LaTeX Info: Redefining \relbar on input line 969.
LaTeX Info: Redefining \Relbar on input line 970.
\c@MaxMatrixCols=\count293
\dotsspace@=\muskip17
\c@parentequation=\count294
\dspbrk@lvl=\count295
\tag@help=\toks20
\row@=\count296
\column@=\count297
\maxfields@=\count298
\andhelp@=\toks21
\eqnshift@=\dimen160
\alignsep@=\dimen161
\tagshift@=\dimen162
\tagwidth@=\dimen163
\totwidth@=\dimen164
\lineht@=\dimen165
\@envbody=\toks22
\multlinegap=\skip52
\multlinetaggap=\skip53
\mathdisplay@stack=\toks23
LaTeX Info: Redefining \[ on input line 2950.
LaTeX Info: Redefining \] on input line 2951.
) (/usr/local/texlive/2025/texmf-dist/tex/latex/amscls/amsthm.sty
Package: amsthm 2020/05/29 v2.20.6
\thm@style=\toks24
\thm@bodyfont=\toks25
\thm@headfont=\toks26
\thm@notefont=\toks27
\thm@headpunct=\toks28
\thm@preskip=\skip54
\thm@postskip=\skip55
\thm@headsep=\skip56
\dth@everypar=\toks29
) (/usr/local/texlive/2025/texmf-dist/tex/latex/amsfonts/amssymb.sty
Package: amssymb 2013/01/14 v3.01 AMS font symbols
 (/usr/local/texlive/2025/texmf-dist/tex/latex/amsfonts/amsfonts.sty
Package: amsfonts 2013/01/14 v3.01 Basic AMSFonts support
\symAMSa=\mathgroup4
\symAMSb=\mathgroup5
LaTeX Font Info:    Redeclaring math symbol \hbar on input line 98.
LaTeX Font Info:    Overwriting math alphabet `\mathfrak' in version `bold'
(Font)                  U/euf/m/n --> U/euf/b/n on input line 106.
)) (/usr/local/texlive/2025/texmf-dist/tex/latex/jknapltx/mathrsfs.sty
Package: mathrsfs 1996/01/01 Math RSFS package v1.0 (jk)
\symrsfs=\mathgroup6
) (/usr/local/texlive/2025/texmf-dist/tex/latex/comment/comment.sty
\CommentStream=\write3
 Excluding comment 'comment') (/usr/local/texlive/2025/texmf-dist/tex/latex/booktabs/booktabs.sty
Package: booktabs 2020/01/12 v1.61803398 Publication quality tables
\heavyrulewidth=\dimen166
\lightrulewidth=\dimen167
\cmidrulewidth=\dimen168
\belowrulesep=\dimen169
\belowbottomsep=\dimen170
\aboverulesep=\dimen171
\abovetopsep=\dimen172
\cmidrulesep=\dimen173
\cmidrulekern=\dimen174
\defaultaddspace=\dimen175
\@cmidla=\count299
\@cmidlb=\count300
\@aboverulesep=\dimen176
\@belowrulesep=\dimen177
\@thisruleclass=\count301
\@lastruleclass=\count302
\@thisrulewidth=\dimen178
) (/usr/local/texlive/2025/texmf-dist/tex/latex/tools/longtable.sty
Package: longtable 2025-10-13 v4.24 Multi-page Table package (DPC)
\LTleft=\skip57
\LTright=\skip58
\LTpre=\skip59
\LTpost=\skip60
\LTchunksize=\count303
\LTcapwidth=\dimen179
\LT@head=\box55
\LT@firsthead=\box56
\LT@foot=\box57
\LT@lastfoot=\box58
\LT@gbox=\box59
\LT@cols=\count304
\LT@rows=\count305
\c@LT@tables=\count306
\c@LT@chunks=\count307
\LT@p@ftn=\toks30
) (/usr/local/texlive/2025/texmf-dist/tex/latex/ragged2e/ragged2e.sty
Package: ragged2e 2023/06/22 v3.6 ragged2e Package
\CenteringLeftskip=\skip61
\RaggedLeftLeftskip=\skip62
\RaggedRightLeftskip=\skip63
\CenteringRightskip=\skip64
\RaggedLeftRightskip=\skip65
\RaggedRightRightskip=\skip66
\CenteringParfillskip=\skip67
\RaggedLeftParfillskip=\skip68
\RaggedRightParfillskip=\skip69
\JustifyingParfillskip=\skip70
\CenteringParindent=\skip71
\RaggedLeftParindent=\skip72
\RaggedRightParindent=\skip73
\JustifyingParindent=\skip74
) (/usr/local/texlive/2025/texmf-dist/tex/latex/changepage/changepage.sty
Package: changepage 2009/10/20 v1.0c check page and change page layout
\c@cp@cntr=\count308
\cp@tempcnt=\count309
) (/usr/local/texlive/2025/texmf-dist/tex/latex/siunitx/siunitx.sty
Package: siunitx 2025-07-09 v3.4.14 A comprehensive (SI) units package
\l__siunitx_number_uncert_offset_int=\count310
\l__siunitx_number_exponent_fixed_int=\count311
\l__siunitx_number_min_decimal_int=\count312
\l__siunitx_number_min_integer_int=\count313
\l__siunitx_number_round_precision_int=\count314
\l__siunitx_number_lower_threshold_int=\count315
\l__siunitx_number_upper_threshold_int=\count316
\l__siunitx_number_group_first_int=\count317
\l__siunitx_number_group_size_int=\count318
\l__siunitx_number_group_minimum_int=\count319
\l__siunitx_angle_tmp_dim=\dimen180
\l__siunitx_angle_marker_box=\box60
\l__siunitx_angle_unit_box=\box61
\l__siunitx_compound_count_int=\count320

(/usr/local/texlive/2025/texmf-dist/tex/latex/translations/translations.sty
Package: translations 2022/02/05 v1.12 internationalization of LaTeX2e packages (CN)
 (/usr/local/texlive/2025/texmf-dist/tex/latex/etoolbox/etoolbox.sty
Package: etoolbox 2025/10/02 v2.5m e-TeX tools for LaTeX (JAW)
\etb@tempcnta=\count321
) (/usr/local/texlive/2025/texmf-dist/tex/generic/pdftexcmds/pdftexcmds.sty
Package: pdftexcmds 2020-06-27 v0.33 Utility functions of pdfTeX for LuaTeX (HO)
 (/usr/local/texlive/2025/texmf-dist/tex/generic/infwarerr/infwarerr.sty
Package: infwarerr 2019/12/03 v1.5 Providing info/warning/error messages (HO)
) (/usr/local/texlive/2025/texmf-dist/tex/generic/ltxcmds/ltxcmds.sty
Package: ltxcmds 2023-12-04 v1.26 LaTeX kernel commands for general use (HO)
)
Package pdftexcmds Info: \pdf@primitive is available.
Package pdftexcmds Info: \pdf@ifprimitive is available.
Package pdftexcmds Info: \pdfdraftmode found.
))
\l__siunitx_table_tmp_box=\box62
\l__siunitx_table_tmp_dim=\dimen181
\l__siunitx_table_column_width_dim=\dimen182
\l__siunitx_table_integer_box=\box63
\l__siunitx_table_decimal_box=\box64
\l__siunitx_table_uncert_box=\box65
\l__siunitx_table_before_box=\box66
\l__siunitx_table_after_box=\box67
\l__siunitx_table_before_dim=\dimen183
\l__siunitx_table_carry_dim=\dimen184
\l__siunitx_unit_tmp_int=\count322
\l__siunitx_unit_position_int=\count323
\l__siunitx_unit_total_int=\count324
 (/usr/local/texlive/2025/texmf-dist/tex/latex/tools/array.sty
Package: array 2025/09/25 v2.6n Tabular extension package (FMi)
\col@sep=\dimen185
\ar@mcellbox=\box68
\extrarowheight=\dimen186
\NC@list=\toks31
\extratabsurround=\skip75
\backup@length=\skip76
\ar@cellbox=\box69
)) (/usr/local/texlive/2025/texmf-dist/tex/latex/pgf/frontendlayer/tikz.sty (/usr/local/texlive/2025/texmf-dist/tex/latex/pgf/basiclayer/pgf.sty (/usr/local/texlive/2025/texmf-dist/tex/latex/pgf/utilities/pgfrcs.sty (/usr/local/texlive/2025/texmf-dist/tex/generic/pgf/utilities/pgfutil-common.tex
\pgfutil@everybye=\toks32
\pgfutil@tempdima=\dimen187
\pgfutil@tempdimb=\dimen188
) (/usr/local/texlive/2025/texmf-dist/tex/generic/pgf/utilities/pgfutil-latex.def
\pgfutil@abb=\box70
) (/usr/local/texlive/2025/texmf-dist/tex/generic/pgf/utilities/pgfrcs.code.tex (/usr/local/texlive/2025/texmf-dist/tex/generic/pgf/pgf.revision.tex)
Package: pgfrcs 2025-08-29 v3.1.11a (3.1.11a)
))
Package: pgf 2025-08-29 v3.1.11a (3.1.11a)

(/usr/local/texlive/2025/texmf-dist/tex/latex/pgf/basiclayer/pgfcore.sty (/usr/local/texlive/2025/texmf-dist/tex/latex/graphics/graphicx.sty
Package: graphicx 2024/12/31 v1.2e Enhanced LaTeX Graphics (DPC,SPQR)
 (/usr/local/texlive/2025/texmf-dist/tex/latex/graphics/graphics.sty
Package: graphics 2024/08/06 v1.4g Standard LaTeX Graphics (DPC,SPQR)
 (/usr/local/texlive/2025/texmf-dist/tex/latex/graphics/trig.sty
Package: trig 2023/12/02 v1.11 sin cos tan (DPC)
) (/usr/local/texlive/2025/texmf-dist/tex/latex/graphics-cfg/graphics.cfg
File: graphics.cfg 2016/06/04 v1.11 sample graphics configuration
)
Package graphics Info: Driver file: pdftex.def on input line 106.
 (/usr/local/texlive/2025/texmf-dist/tex/latex/graphics-def/pdftex.def
File: pdftex.def 2025/09/29 v1.2d Graphics/color driver for pdftex
))
\Gin@req@height=\dimen189
\Gin@req@width=\dimen190
) (/usr/local/texlive/2025/texmf-dist/tex/latex/pgf/systemlayer/pgfsys.sty (/usr/local/texlive/2025/texmf-dist/tex/generic/pgf/systemlayer/pgfsys.code.tex
Package: pgfsys 2025-08-29 v3.1.11a (3.1.11a)
 (/usr/local/texlive/2025/texmf-dist/tex/generic/pgf/utilities/pgfkeys.code.tex
\pgfkeys@pathtoks=\toks33
\pgfkeys@temptoks=\toks34
 (/usr/local/texlive/2025/texmf-dist/tex/generic/pgf/utilities/pgfkeyslibraryfiltered.code.tex
\pgfkeys@tmptoks=\toks35
))
\pgf@x=\dimen191
\pgf@y=\dimen192
\pgf@xa=\dimen193
\pgf@ya=\dimen194
\pgf@xb=\dimen195
\pgf@yb=\dimen196
\pgf@xc=\dimen197
\pgf@yc=\dimen198
\pgf@xd=\dimen199
\pgf@yd=\dimen256
\w@pgf@writea=\write4
\r@pgf@reada=\read2
\c@pgf@counta=\count325
\c@pgf@countb=\count326
\c@pgf@countc=\count327
\c@pgf@countd=\count328
\t@pgf@toka=\toks36
\t@pgf@tokb=\toks37
\t@pgf@tokc=\toks38
\pgf@sys@id@count=\count329
 (/usr/local/texlive/2025/texmf-dist/tex/generic/pgf/systemlayer/pgf.cfg
File: pgf.cfg 2025-08-29 v3.1.11a (3.1.11a)
)
Driver file for pgf: pgfsys-pdftex.def
 (/usr/local/texlive/2025/texmf-dist/tex/generic/pgf/systemlayer/pgfsys-pdftex.def
File: pgfsys-pdftex.def 2025-08-29 v3.1.11a (3.1.11a)
 (/usr/local/texlive/2025/texmf-dist/tex/generic/pgf/systemlayer/pgfsys-common-pdf.def
File: pgfsys-common-pdf.def 2025-08-29 v3.1.11a (3.1.11a)
)))
(/usr/local/texlive/2025/texmf-dist/tex/generic/pgf/systemlayer/pgfsyssoftpath.code.tex
File: pgfsyssoftpath.code.tex 2025-08-29 v3.1.11a (3.1.11a)
\pgfsyssoftpath@smallbuffer@items=\count330
\pgfsyssoftpath@bigbuffer@items=\count331
) (/usr/local/texlive/2025/texmf-dist/tex/generic/pgf/systemlayer/pgfsysprotocol.code.tex
File: pgfsysprotocol.code.tex 2025-08-29 v3.1.11a (3.1.11a)
)) (/usr/local/texlive/2025/texmf-dist/tex/latex/xcolor/xcolor.sty
Package: xcolor 2024/09/29 v3.02 LaTeX color extensions (UK)
 (/usr/local/texlive/2025/texmf-dist/tex/latex/graphics-cfg/color.cfg
File: color.cfg 2016/01/02 v1.6 sample color configuration
)
Package xcolor Info: Driver file: pdftex.def on input line 274.
 (/usr/local/texlive/2025/texmf-dist/tex/latex/graphics/mathcolor.ltx)
Package xcolor Info: Model `cmy' substituted by `cmy0' on input line 1349.
Package xcolor Info: Model `hsb' substituted by `rgb' on input line 1353.
Package xcolor Info: Model `RGB' extended on input line 1365.
Package xcolor Info: Model `HTML' substituted by `rgb' on input line 1367.
Package xcolor Info: Model `Hsb' substituted by `hsb' on input line 1368.
Package xcolor Info: Model `tHsb' substituted by `hsb' on input line 1369.
Package xcolor Info: Model `HSB' substituted by `hsb' on input line 1370.
Package xcolor Info: Model `Gray' substituted by `gray' on input line 1371.
Package xcolor Info: Model `wave' substituted by `hsb' on input line 1372.
) (/usr/local/texlive/2025/texmf-dist/tex/generic/pgf/basiclayer/pgfcore.code.tex
Package: pgfcore 2025-08-29 v3.1.11a (3.1.11a)
 (/usr/local/texlive/2025/texmf-dist/tex/generic/pgf/math/pgfmath.code.tex (/usr/local/texlive/2025/texmf-dist/tex/generic/pgf/math/pgfmathutil.code.tex) (/usr/local/texlive/2025/texmf-dist/tex/generic/pgf/math/pgfmathparser.code.tex
\pgfmath@dimen=\dimen257
\pgfmath@count=\count332
\pgfmath@box=\box71
\pgfmath@toks=\toks39
\pgfmath@stack@operand=\toks40
\pgfmath@stack@operation=\toks41
) (/usr/local/texlive/2025/texmf-dist/tex/generic/pgf/math/pgfmathfunctions.code.tex) (/usr/local/texlive/2025/texmf-dist/tex/generic/pgf/math/pgfmathfunctions.basic.code.tex) (/usr/local/texlive/2025/texmf-dist/tex/generic/pgf/math/pgfmathfunctions.trigonometric.code.tex)
(/usr/local/texlive/2025/texmf-dist/tex/generic/pgf/math/pgfmathfunctions.random.code.tex) (/usr/local/texlive/2025/texmf-dist/tex/generic/pgf/math/pgfmathfunctions.comparison.code.tex) (/usr/local/texlive/2025/texmf-dist/tex/generic/pgf/math/pgfmathfunctions.base.code.tex) (/usr/local/texlive/2025/texmf-dist/tex/generic/pgf/math/pgfmathfunctions.round.code.tex) (/usr/local/texlive/2025/texmf-dist/tex/generic/pgf/math/pgfmathfunctions.misc.code.tex) (/usr/local/texlive/2025/texmf-dist/tex/generic/pgf/math/pgfmathfunctions.integerarithmetics.code.tex) (/usr/local/texlive/2025/texmf-dist/tex/generic/pgf/math/pgfmathcalc.code.tex) (/usr/local/texlive/2025/texmf-dist/tex/generic/pgf/math/pgfmathfloat.code.tex
\c@pgfmathroundto@lastzeros=\count333
)) (/usr/local/texlive/2025/texmf-dist/tex/generic/pgf/math/pgfint.code.tex) (/usr/local/texlive/2025/texmf-dist/tex/generic/pgf/basiclayer/pgfcorepoints.code.tex
File: pgfcorepoints.code.tex 2025-08-29 v3.1.11a (3.1.11a)
\pgf@picminx=\dimen258
\pgf@picmaxx=\dimen259
\pgf@picminy=\dimen260
\pgf@picmaxy=\dimen261
\pgf@pathminx=\dimen262
\pgf@pathmaxx=\dimen263
\pgf@pathminy=\dimen264
\pgf@pathmaxy=\dimen265
\pgf@xx=\dimen266
\pgf@xy=\dimen267
\pgf@yx=\dimen268
\pgf@yy=\dimen269
\pgf@zx=\dimen270
\pgf@zy=\dimen271
) (/usr/local/texlive/2025/texmf-dist/tex/generic/pgf/basiclayer/pgfcorepathconstruct.code.tex
File: pgfcorepathconstruct.code.tex 2025-08-29 v3.1.11a (3.1.11a)
\pgf@path@lastx=\dimen272
\pgf@path@lasty=\dimen273
)
(/usr/local/texlive/2025/texmf-dist/tex/generic/pgf/basiclayer/pgfcorepathusage.code.tex
File: pgfcorepathusage.code.tex 2025-08-29 v3.1.11a (3.1.11a)
\pgf@shorten@end@additional=\dimen274
\pgf@shorten@start@additional=\dimen275
) (/usr/local/texlive/2025/texmf-dist/tex/generic/pgf/basiclayer/pgfcorescopes.code.tex
File: pgfcorescopes.code.tex 2025-08-29 v3.1.11a (3.1.11a)
\pgfpic=\box72
\pgf@hbox=\box73
\pgf@layerbox@main=\box74
\pgf@picture@serial@count=\count334
) (/usr/local/texlive/2025/texmf-dist/tex/generic/pgf/basiclayer/pgfcoregraphicstate.code.tex
File: pgfcoregraphicstate.code.tex 2025-08-29 v3.1.11a (3.1.11a)
\pgflinewidth=\dimen276
) (/usr/local/texlive/2025/texmf-dist/tex/generic/pgf/basiclayer/pgfcoretransformations.code.tex
File: pgfcoretransformations.code.tex 2025-08-29 v3.1.11a (3.1.11a)
\pgf@pt@x=\dimen277
\pgf@pt@y=\dimen278
\pgf@pt@temp=\dimen279
) (/usr/local/texlive/2025/texmf-dist/tex/generic/pgf/basiclayer/pgfcorequick.code.tex
File: pgfcorequick.code.tex 2025-08-29 v3.1.11a (3.1.11a)
) (/usr/local/texlive/2025/texmf-dist/tex/generic/pgf/basiclayer/pgfcoreobjects.code.tex
File: pgfcoreobjects.code.tex 2025-08-29 v3.1.11a (3.1.11a)
) (/usr/local/texlive/2025/texmf-dist/tex/generic/pgf/basiclayer/pgfcorepathprocessing.code.tex
File: pgfcorepathprocessing.code.tex 2025-08-29 v3.1.11a (3.1.11a)
) (/usr/local/texlive/2025/texmf-dist/tex/generic/pgf/basiclayer/pgfcorearrows.code.tex
File: pgfcorearrows.code.tex 2025-08-29 v3.1.11a (3.1.11a)
\pgfarrowsep=\dimen280
) (/usr/local/texlive/2025/texmf-dist/tex/generic/pgf/basiclayer/pgfcoreshade.code.tex
File: pgfcoreshade.code.tex 2025-08-29 v3.1.11a (3.1.11a)
\pgf@max=\dimen281
\pgf@sys@shading@range@num=\count335
\pgf@shadingcount=\count336
) (/usr/local/texlive/2025/texmf-dist/tex/generic/pgf/basiclayer/pgfcoreimage.code.tex
File: pgfcoreimage.code.tex 2025-08-29 v3.1.11a (3.1.11a)
) (/usr/local/texlive/2025/texmf-dist/tex/generic/pgf/basiclayer/pgfcoreexternal.code.tex
File: pgfcoreexternal.code.tex 2025-08-29 v3.1.11a (3.1.11a)
\pgfexternal@startupbox=\box75
)
(/usr/local/texlive/2025/texmf-dist/tex/generic/pgf/basiclayer/pgfcorelayers.code.tex
File: pgfcorelayers.code.tex 2025-08-29 v3.1.11a (3.1.11a)
) (/usr/local/texlive/2025/texmf-dist/tex/generic/pgf/basiclayer/pgfcoretransparency.code.tex
File: pgfcoretransparency.code.tex 2025-08-29 v3.1.11a (3.1.11a)
) (/usr/local/texlive/2025/texmf-dist/tex/generic/pgf/basiclayer/pgfcorepatterns.code.tex
File: pgfcorepatterns.code.tex 2025-08-29 v3.1.11a (3.1.11a)
) (/usr/local/texlive/2025/texmf-dist/tex/generic/pgf/basiclayer/pgfcorerdf.code.tex
File: pgfcorerdf.code.tex 2025-08-29 v3.1.11a (3.1.11a)
))) (/usr/local/texlive/2025/texmf-dist/tex/generic/pgf/modules/pgfmoduleshapes.code.tex
File: pgfmoduleshapes.code.tex 2025-08-29 v3.1.11a (3.1.11a)
\pgfnodeparttextbox=\box76
) (/usr/local/texlive/2025/texmf-dist/tex/generic/pgf/modules/pgfmoduleplot.code.tex
File: pgfmoduleplot.code.tex 2025-08-29 v3.1.11a (3.1.11a)
) (/usr/local/texlive/2025/texmf-dist/tex/latex/pgf/compatibility/pgfcomp-version-0-65.sty
Package: pgfcomp-version-0-65 2025-08-29 v3.1.11a (3.1.11a)
\pgf@nodesepstart=\dimen282
\pgf@nodesepend=\dimen283
) (/usr/local/texlive/2025/texmf-dist/tex/latex/pgf/compatibility/pgfcomp-version-1-18.sty
Package: pgfcomp-version-1-18 2025-08-29 v3.1.11a (3.1.11a)
)) (/usr/local/texlive/2025/texmf-dist/tex/latex/pgf/utilities/pgffor.sty (/usr/local/texlive/2025/texmf-dist/tex/latex/pgf/utilities/pgfkeys.sty (/usr/local/texlive/2025/texmf-dist/tex/generic/pgf/utilities/pgfkeys.code.tex)) (/usr/local/texlive/2025/texmf-dist/tex/latex/pgf/math/pgfmath.sty
(/usr/local/texlive/2025/texmf-dist/tex/generic/pgf/math/pgfmath.code.tex)) (/usr/local/texlive/2025/texmf-dist/tex/generic/pgf/utilities/pgffor.code.tex
Package: pgffor 2025-08-29 v3.1.11a (3.1.11a)
\pgffor@iter=\dimen284
\pgffor@skip=\dimen285
\pgffor@stack=\toks42
\pgffor@toks=\toks43
)) (/usr/local/texlive/2025/texmf-dist/tex/generic/pgf/frontendlayer/tikz/tikz.code.tex
Package: tikz 2025-08-29 v3.1.11a (3.1.11a)
 (/usr/local/texlive/2025/texmf-dist/tex/generic/pgf/libraries/pgflibraryplothandlers.code.tex
File: pgflibraryplothandlers.code.tex 2025-08-29 v3.1.11a (3.1.11a)
\pgf@plot@mark@count=\count337
\pgfplotmarksize=\dimen286
)
\tikz@lastx=\dimen287
\tikz@lasty=\dimen288
\tikz@lastxsaved=\dimen289
\tikz@lastysaved=\dimen290
\tikz@lastmovetox=\dimen291
\tikz@lastmovetoy=\dimen292
\tikzleveldistance=\dimen293
\tikzsiblingdistance=\dimen294
\tikz@figbox=\box77
\tikz@figbox@bg=\box78
\tikz@tempbox=\box79
\tikz@tempbox@bg=\box80
\tikztreelevel=\count338
\tikznumberofchildren=\count339
\tikznumberofcurrentchild=\count340
\tikz@fig@count=\count341
 (/usr/local/texlive/2025/texmf-dist/tex/generic/pgf/modules/pgfmodulematrix.code.tex
File: pgfmodulematrix.code.tex 2025-08-29 v3.1.11a (3.1.11a)
\pgfmatrixcurrentrow=\count342
\pgfmatrixcurrentcolumn=\count343
\pgf@matrix@numberofcolumns=\count344
)
\tikz@expandcount=\count345
 (/usr/local/texlive/2025/texmf-dist/tex/generic/pgf/frontendlayer/tikz/libraries/tikzlibrarytopaths.code.tex
File: tikzlibrarytopaths.code.tex 2025-08-29 v3.1.11a (3.1.11a)
))) (/usr/local/texlive/2025/texmf-dist/tex/latex/circuitikz/circuitikz.sty
Package: circuitikz 2025/07/08{} The CircuiTikz circuit drawing package version 1.8.2
 (/usr/local/texlive/2025/texmf-dist/tex/generic/pgf/frontendlayer/tikz/libraries/tikzlibrarycalc.code.tex
File: tikzlibrarycalc.code.tex 2025-08-29 v3.1.11a (3.1.11a)
) (/usr/local/texlive/2025/texmf-dist/tex/generic/pgf/libraries/pgflibraryarrows.meta.code.tex
File: pgflibraryarrows.meta.code.tex 2025-08-29 v3.1.11a (3.1.11a)
\pgfarrowinset=\dimen295
\pgfarrowlength=\dimen296
\pgfarrowwidth=\dimen297
\pgfarrowlinewidth=\dimen298
) (/usr/local/texlive/2025/texmf-dist/tex/generic/pgf/frontendlayer/tikz/libraries/tikzlibrarybending.code.tex
File: tikzlibrarybending.code.tex 2025-08-29 v3.1.11a (3.1.11a)

(/usr/local/texlive/2025/texmf-dist/tex/generic/pgf/modules/pgfmodulebending.code.tex
File: pgfmodulebending.code.tex 2025-08-29 v3.1.11a (3.1.11a)
 (/usr/local/texlive/2025/texmf-dist/tex/generic/pgf/modules/pgfmodulenonlineartransformations.code.tex
File: pgfmodulenonlineartransformations.code.tex 2025-08-29 v3.1.11a (3.1.11a)
\pgftransformnonlinearflatness=\dimen299
) (/usr/local/texlive/2025/texmf-dist/tex/generic/pgf/libraries/pgflibrarycurvilinear.code.tex
File: pgflibrarycurvilinear.code.tex 2025-08-29 v3.1.11a (3.1.11a)
\pgf@curvilinear@time@a=\dimen300
\pgf@curvilinear@length@a=\dimen301
\pgf@curvilinear@length@b=\dimen302
\pgf@curvilinear@length@c=\dimen303
\pgf@curvilinear@length@d=\dimen304
)
\pgf@arrows@the@rigidity=\dimen305
)) (/usr/local/texlive/2025/texmf-dist/tex/generic/pgf/frontendlayer/tikz/libraries/tikzlibraryfpu.code.tex (/usr/local/texlive/2025/texmf-dist/tex/generic/pgf/libraries/pgflibraryfpu.code.tex)) (/usr/local/texlive/2025/texmf-dist/tex/generic/circuitikz/pgfcirc.defines.tex
\pgf@circ@count@a=\count346
\pgf@circ@count@b=\count347
\pgf@circ@count@c=\count348
\pgf@circ@res@up=\dimen306
\pgf@circ@res@down=\dimen307
\pgf@circ@res@zero=\dimen308
\pgf@circ@res@left=\dimen309
\pgf@circ@res@right=\dimen310
\pgf@circ@res@other=\dimen311
\pgf@circ@res@step=\dimen312
\pgf@circ@res@temp=\dimen313
\pgf@circ@Rlen=\dimen314
\pgf@circ@scaled@Rlen=\dimen315
\pgfstartlinewidth=\dimen316
) (/usr/local/texlive/2025/texmf-dist/tex/generic/circuitikz/pgfcircutils.tex
\ctikz@scratchbox=\box81
) (/usr/local/texlive/2025/texmf-dist/tex/generic/circuitikz/pgfcircpath.tex) (/usr/local/texlive/2025/texmf-dist/tex/generic/circuitikz/pgfcircshapes.tex) (/usr/local/texlive/2025/texmf-dist/tex/generic/circuitikz/pgfcircmonopoles.tex) (/usr/local/texlive/2025/texmf-dist/tex/generic/circuitikz/pgfcircbipoles.tex)
(/usr/local/texlive/2025/texmf-dist/tex/generic/circuitikz/pgfcirctripoles.tex
\pgf@circ@res@count=\count349
) (/usr/local/texlive/2025/texmf-dist/tex/generic/circuitikz/pgfcircquadpoles.tex) (/usr/local/texlive/2025/texmf-dist/tex/generic/circuitikz/pgfcircmultipoles.tex) (/usr/local/texlive/2025/texmf-dist/tex/generic/circuitikz/pgfcirclabel.tex) (/usr/local/texlive/2025/texmf-dist/tex/generic/circuitikz/pgfcircvoltage.tex
\pgfcirc@labelshift=\dimen317
) (/usr/local/texlive/2025/texmf-dist/tex/generic/circuitikz/pgfcirccurrent.tex) (/usr/local/texlive/2025/texmf-dist/tex/generic/circuitikz/pgfcircflow.tex)) (/usr/local/texlive/2025/texmf-dist/tex/generic/pgf/frontendlayer/tikz/libraries/tikzlibraryshapes.code.tex
File: tikzlibraryshapes.code.tex 2025-08-29 v3.1.11a (3.1.11a)
 (/usr/local/texlive/2025/texmf-dist/tex/generic/pgf/frontendlayer/tikz/libraries/tikzlibraryshapes.geometric.code.tex
File: tikzlibraryshapes.geometric.code.tex 2025-08-29 v3.1.11a (3.1.11a)
 (/usr/local/texlive/2025/texmf-dist/tex/generic/pgf/libraries/shapes/pgflibraryshapes.geometric.code.tex
File: pgflibraryshapes.geometric.code.tex 2025-08-29 v3.1.11a (3.1.11a)
)) (/usr/local/texlive/2025/texmf-dist/tex/generic/pgf/frontendlayer/tikz/libraries/tikzlibraryshapes.misc.code.tex
File: tikzlibraryshapes.misc.code.tex 2025-08-29 v3.1.11a (3.1.11a)
(/usr/local/texlive/2025/texmf-dist/tex/generic/pgf/libraries/shapes/pgflibraryshapes.misc.code.tex
File: pgflibraryshapes.misc.code.tex 2025-08-29 v3.1.11a (3.1.11a)
)) (/usr/local/texlive/2025/texmf-dist/tex/generic/pgf/frontendlayer/tikz/libraries/tikzlibraryshapes.symbols.code.tex
File: tikzlibraryshapes.symbols.code.tex 2025-08-29 v3.1.11a (3.1.11a)
 (/usr/local/texlive/2025/texmf-dist/tex/generic/pgf/libraries/shapes/pgflibraryshapes.symbols.code.tex
File: pgflibraryshapes.symbols.code.tex 2025-08-29 v3.1.11a (3.1.11a)
)) (/usr/local/texlive/2025/texmf-dist/tex/generic/pgf/frontendlayer/tikz/libraries/tikzlibraryshapes.arrows.code.tex
File: tikzlibraryshapes.arrows.code.tex 2025-08-29 v3.1.11a (3.1.11a)
 (/usr/local/texlive/2025/texmf-dist/tex/generic/pgf/libraries/shapes/pgflibraryshapes.arrows.code.tex
File: pgflibraryshapes.arrows.code.tex 2025-08-29 v3.1.11a (3.1.11a)
)) (/usr/local/texlive/2025/texmf-dist/tex/generic/pgf/frontendlayer/tikz/libraries/tikzlibraryshapes.callouts.code.tex (/usr/local/texlive/2025/texmf-dist/tex/generic/pgf/libraries/shapes/pgflibraryshapes.callouts.code.tex)) (/usr/local/texlive/2025/texmf-dist/tex/generic/pgf/frontendlayer/tikz/libraries/tikzlibraryshapes.multipart.code.tex
File: tikzlibraryshapes.multipart.code.tex 2025-08-29 v3.1.11a (3.1.11a)
 (/usr/local/texlive/2025/texmf-dist/tex/generic/pgf/libraries/shapes/pgflibraryshapes.multipart.code.tex
File: pgflibraryshapes.multipart.code.tex 2025-08-29 v3.1.11a (3.1.11a)
\pgfnodepartlowerbox=\box82
\pgfnodeparttwobox=\box83
\pgfnodepartthreebox=\box84
\pgfnodepartfourbox=\box85
\pgfnodeparttwentybox=\box86
\pgfnodepartnineteenbox=\box87
\pgfnodeparteighteenbox=\box88
\pgfnodepartseventeenbox=\box89
\pgfnodepartsixteenbox=\box90
\pgfnodepartfifteenbox=\box91
\pgfnodepartfourteenbox=\box92
\pgfnodepartthirteenbox=\box93
\pgfnodeparttwelvebox=\box94
\pgfnodepartelevenbox=\box95
\pgfnodeparttenbox=\box96
\pgfnodepartninebox=\box97
\pgfnodeparteightbox=\box98
\pgfnodepartsevenbox=\box99
\pgfnodepartsixbox=\box100
\pgfnodepartfivebox=\box101
)))
(/usr/local/texlive/2025/texmf-dist/tex/generic/pgf/frontendlayer/tikz/libraries/tikzlibrarypositioning.code.tex
File: tikzlibrarypositioning.code.tex 2025-08-29 v3.1.11a (3.1.11a)
) (/usr/local/texlive/2025/texmf-dist/tex/generic/pgf/frontendlayer/tikz/libraries/tikzlibrarybackgrounds.code.tex
File: tikzlibrarybackgrounds.code.tex 2025-08-29 v3.1.11a (3.1.11a)
\pgf@layerbox@background=\box102
\pgf@layerboxsaved@background=\box103
) (/usr/local/texlive/2025/texmf-dist/tex/latex/caption/caption.sty
Package: caption 2023/08/05 v3.6o Customizing captions (AR)
 (/usr/local/texlive/2025/texmf-dist/tex/latex/caption/caption3.sty
Package: caption3 2023/07/31 v2.4d caption3 kernel (AR)
\caption@tempdima=\dimen318
\captionmargin=\dimen319
\caption@leftmargin=\dimen320
\caption@rightmargin=\dimen321
\caption@width=\dimen322
\caption@indent=\dimen323
\caption@parindent=\dimen324
\caption@hangindent=\dimen325
Package caption Info: Standard document class detected.
)
\c@caption@flags=\count350
\c@continuedfloat=\count351
Package caption Info: changepage package is loaded.
\caption@adjustwidth@hsize=\dimen326
\caption@adjustwidth@linewidth=\dimen327
Package caption Info: longtable package is loaded.
 (/usr/local/texlive/2025/texmf-dist/tex/latex/caption/ltcaption.sty
Package: ltcaption 2021/01/08 v1.4c longtable captions (AR)
)) (/usr/local/texlive/2025/texmf-dist/tex/latex/caption/subcaption.sty
Package: subcaption 2023/07/28 v1.6b Sub-captions (AR)
Package caption Info: New subtype `subfigure' on input line 238.
\c@subfigure=\count352
Package caption Info: New subtype `subtable' on input line 238.
\c@subtable=\count353
) (/usr/local/texlive/2025/texmf-dist/tex/latex/float/float.sty
Package: float 2001/11/08 v1.3d Float enhancements (AL)
\c@float@type=\count354
\float@exts=\toks44
\float@box=\box104
\@float@everytoks=\toks45
\@floatcapt=\box105
) (/usr/local/texlive/2025/texmf-dist/tex/latex/tools/tabularx.sty
Package: tabularx 2023/12/11 v2.12a `tabularx' package (DPC)
\TX@col@width=\dimen328
\TX@old@table=\dimen329
\TX@old@col=\dimen330
\TX@target=\dimen331
\TX@delta=\dimen332
\TX@cols=\count355
\TX@ftn=\toks46
) (/usr/local/texlive/2025/texmf-dist/tex/latex/multirow/multirow.sty
Package: multirow 2024/11/12 v2.9 Span multiple rows of a table
\multirow@colwidth=\skip77
\multirow@cntb=\count356
\multirow@dima=\skip78
\bigstrutjot=\dimen333
) (/usr/local/texlive/2025/texmf-dist/tex/latex/hyperref/hyperref.sty
Package: hyperref 2025-07-12 v7.01o Hypertext links for LaTeX
 (/usr/local/texlive/2025/texmf-dist/tex/latex/kvsetkeys/kvsetkeys.sty
Package: kvsetkeys 2022-10-05 v1.19 Key value parser (HO)
) (/usr/local/texlive/2025/texmf-dist/tex/generic/kvdefinekeys/kvdefinekeys.sty
Package: kvdefinekeys 2019-12-19 v1.6 Define keys (HO)
) (/usr/local/texlive/2025/texmf-dist/tex/generic/pdfescape/pdfescape.sty
Package: pdfescape 2019/12/09 v1.15 Implements pdfTeX's escape features (HO)
)
(/usr/local/texlive/2025/texmf-dist/tex/latex/hycolor/hycolor.sty
Package: hycolor 2020-01-27 v1.10 Color options for hyperref/bookmark (HO)
) (/usr/local/texlive/2025/texmf-dist/tex/latex/hyperref/nameref.sty
Package: nameref 2025-06-21 v2.57 Cross-referencing by name of section
 (/usr/local/texlive/2025/texmf-dist/tex/latex/refcount/refcount.sty
Package: refcount 2019/12/15 v3.6 Data extraction from label references (HO)
) (/usr/local/texlive/2025/texmf-dist/tex/generic/gettitlestring/gettitlestring.sty
Package: gettitlestring 2019/12/15 v1.6 Cleanup title references (HO)
 (/usr/local/texlive/2025/texmf-dist/tex/latex/kvoptions/kvoptions.sty
Package: kvoptions 2022-06-15 v3.15 Key value format for package options (HO)
))
\c@section@level=\count357
) (/usr/local/texlive/2025/texmf-dist/tex/generic/stringenc/stringenc.sty
Package: stringenc 2019/11/29 v1.12 Convert strings between diff. encodings (HO)
)
\@linkdim=\dimen334
\Hy@linkcounter=\count358
\Hy@pagecounter=\count359
 (/usr/local/texlive/2025/texmf-dist/tex/latex/hyperref/pd1enc.def
File: pd1enc.def 2025-07-12 v7.01o Hyperref: PDFDocEncoding definition (HO)
Now handling font encoding PD1 ...
... no UTF-8 mapping file for font encoding PD1
) (/usr/local/texlive/2025/texmf-dist/tex/generic/intcalc/intcalc.sty
Package: intcalc 2019/12/15 v1.3 Expandable calculations with integers (HO)
)
\Hy@SavedSpaceFactor=\count360
 (/usr/local/texlive/2025/texmf-dist/tex/latex/hyperref/puenc.def
File: puenc.def 2025-07-12 v7.01o Hyperref: PDF Unicode definition (HO)
Now handling font encoding PU ...
... no UTF-8 mapping file for font encoding PU
)
Package hyperref Info: Hyper figures OFF on input line 4195.
Package hyperref Info: Link nesting OFF on input line 4200.
Package hyperref Info: Hyper index ON on input line 4203.
Package hyperref Info: Plain pages OFF on input line 4210.
Package hyperref Info: Backreferencing OFF on input line 4215.
Package hyperref Info: Implicit mode ON; LaTeX internals redefined.
Package hyperref Info: Bookmarks ON on input line 4462.
\c@Hy@tempcnt=\count361
 (/usr/local/texlive/2025/texmf-dist/tex/latex/url/url.sty
\Urlmuskip=\muskip18
Package: url 2013/09/16  ver 3.4  Verb mode for urls, etc.
)
LaTeX Info: Redefining \url on input line 4801.
\XeTeXLinkMargin=\dimen335
 (/usr/local/texlive/2025/texmf-dist/tex/generic/bitset/bitset.sty
Package: bitset 2019/12/09 v1.3 Handle bit-vector datatype (HO)
 (/usr/local/texlive/2025/texmf-dist/tex/generic/bigintcalc/bigintcalc.sty
Package: bigintcalc 2019/12/15 v1.5 Expandable calculations on big integers (HO)
))
\Fld@menulength=\count362
\Field@Width=\dimen336
\Fld@charsize=\dimen337
Package hyperref Info: Hyper figures OFF on input line 6078.
Package hyperref Info: Link nesting OFF on input line 6083.
Package hyperref Info: Hyper index ON on input line 6086.
Package hyperref Info: backreferencing OFF on input line 6093.
Package hyperref Info: Link coloring OFF on input line 6098.
Package hyperref Info: Link coloring with OCG OFF on input line 6103.
Package hyperref Info: PDF/A mode OFF on input line 6108.
\Hy@abspage=\count363
\c@Item=\count364
\c@Hfootnote=\count365
)
Package hyperref Info: Driver (autodetected): hpdftex.
 (/usr/local/texlive/2025/texmf-dist/tex/latex/hyperref/hpdftex.def
File: hpdftex.def 2025-07-12 v7.01o Hyperref driver for pdfTeX
\Fld@listcount=\count366
\c@bookmark@seq@number=\count367
 (/usr/local/texlive/2025/texmf-dist/tex/latex/rerunfilecheck/rerunfilecheck.sty
Package: rerunfilecheck 2025-06-21 v1.11 Rerun checks for auxiliary files (HO)

(/usr/local/texlive/2025/texmf-dist/tex/generic/uniquecounter/uniquecounter.sty
Package: uniquecounter 2019/12/15 v1.4 Provide unlimited unique counter (HO)
)
Package uniquecounter Info: New unique counter `rerunfilecheck' on input line 284.
)
\Hy@SectionHShift=\skip79
) (/usr/local/texlive/2025/texmf-dist/tex/latex/biblatex/biblatex.sty
Package: biblatex 2025/07/10 v3.21 programmable bibliographies (PK/MW)
 (/usr/local/texlive/2025/texmf-dist/tex/latex/logreq/logreq.sty
Package: logreq 2010/08/04 v1.0 xml request logger
\lrq@indent=\count368
 (/usr/local/texlive/2025/texmf-dist/tex/latex/logreq/logreq.def
File: logreq.def 2010/08/04 v1.0 logreq spec v1.0
)) (/usr/local/texlive/2025/texmf-dist/tex/latex/base/ifthen.sty
Package: ifthen 2024/03/16 v1.1e Standard LaTeX ifthen package (DPC)
)
\c@tabx@nest=\count369
\c@listtotal=\count370
\c@listcount=\count371
\c@liststart=\count372
\c@liststop=\count373
\c@citecount=\count374
\c@citetotal=\count375
\c@multicitecount=\count376
\c@multicitetotal=\count377
\c@instcount=\count378
\c@maxnames=\count379
\c@minnames=\count380
\c@maxitems=\count381
\c@minitems=\count382
\c@citecounter=\count383
\c@maxcitecounter=\count384
\c@savedcitecounter=\count385
\c@uniquelist=\count386
\c@uniquename=\count387
\c@refsection=\count388
\c@refsegment=\count389
\c@maxextratitle=\count390
\c@maxextratitleyear=\count391
\c@maxextraname=\count392
\c@maxextradate=\count393
\c@maxextraalpha=\count394
\c@abbrvpenalty=\count395
\c@highnamepenalty=\count396
\c@lownamepenalty=\count397
\c@maxparens=\count398
\c@parenlevel=\count399
\blx@tempcnta=\count400
\blx@tempcntb=\count401
\blx@tempcntc=\count402
\c@blx@maxsection=\count403
\blx@maxsegment@0=\count404
\blx@notetype=\count405
\blx@parenlevel@text=\count406
\blx@parenlevel@foot=\count407
\blx@sectionciteorder@0=\count408
\blx@sectionciteorderinternal@0=\count409
\blx@entrysetcounter=\count410
\blx@biblioinstance=\count411
\labelnumberwidth=\skip80
\labelalphawidth=\skip81
\biblabelsep=\skip82
\bibitemsep=\skip83
\bibnamesep=\skip84
\bibinitsep=\skip85
\bibparsep=\skip86
\bibhang=\skip87
\blx@bcfin=\read3
\blx@bcfout=\write5
\blx@langwohyphens=\language90
\c@mincomprange=\count412
\c@maxcomprange=\count413
\c@mincompwidth=\count414
Package biblatex Info: Trying to load biblatex default data model...
Package biblatex Info: ... file 'blx-dm.def' found.
 (/usr/local/texlive/2025/texmf-dist/tex/latex/biblatex/blx-dm.def
File: blx-dm.def 2025/07/10 v3.21 biblatex datamodel (PK/MW)
)
Package biblatex Info: Trying to load biblatex style data model...
Package biblatex Info: ... file 'numeric.dbx' not found.
Package biblatex Info: Trying to load biblatex custom data model...
Package biblatex Info: ... file 'biblatex-dm.cfg' not found.
\c@afterword=\count415
\c@savedafterword=\count416
\c@annotator=\count417
\c@savedannotator=\count418
\c@author=\count419
\c@savedauthor=\count420
\c@bookauthor=\count421
\c@savedbookauthor=\count422
\c@commentator=\count423
\c@savedcommentator=\count424
\c@editor=\count425
\c@savededitor=\count426
\c@editora=\count427
\c@savededitora=\count428
\c@editorb=\count429
\c@savededitorb=\count430
\c@editorc=\count431
\c@savededitorc=\count432
\c@foreword=\count433
\c@savedforeword=\count434
\c@holder=\count435
\c@savedholder=\count436
\c@introduction=\count437
\c@savedintroduction=\count438
\c@namea=\count439
\c@savednamea=\count440
\c@nameb=\count441
\c@savednameb=\count442
\c@namec=\count443
\c@savednamec=\count444
\c@translator=\count445
\c@savedtranslator=\count446
\c@shortauthor=\count447
\c@savedshortauthor=\count448
\c@shorteditor=\count449
\c@savedshorteditor=\count450
\c@labelname=\count451
\c@savedlabelname=\count452
\c@institution=\count453
\c@savedinstitution=\count454
\c@lista=\count455
\c@savedlista=\count456
\c@listb=\count457
\c@savedlistb=\count458
\c@listc=\count459
\c@savedlistc=\count460
\c@listd=\count461
\c@savedlistd=\count462
\c@liste=\count463
\c@savedliste=\count464
\c@listf=\count465
\c@savedlistf=\count466
\c@location=\count467
\c@savedlocation=\count468
\c@organization=\count469
\c@savedorganization=\count470
\c@origlocation=\count471
\c@savedoriglocation=\count472
\c@origpublisher=\count473
\c@savedorigpublisher=\count474
\c@publisher=\count475
\c@savedpublisher=\count476
\c@language=\count477
\c@savedlanguage=\count478
\c@origlanguage=\count479
\c@savedoriglanguage=\count480
\c@pageref=\count481
\c@savedpageref=\count482
\shorthandwidth=\skip88
\shortjournalwidth=\skip89
\shortserieswidth=\skip90
\shorttitlewidth=\skip91
\shortauthorwidth=\skip92
\shorteditorwidth=\skip93
\locallabelnumberwidth=\skip94
\locallabelalphawidth=\skip95
\localshorthandwidth=\skip96
\localshortjournalwidth=\skip97
\localshortserieswidth=\skip98
\localshorttitlewidth=\skip99
\localshortauthorwidth=\skip100
\localshorteditorwidth=\skip101
Package biblatex Info: Trying to load compatibility code...
Package biblatex Info: ... file 'blx-compat.def' found.
 (/usr/local/texlive/2025/texmf-dist/tex/latex/biblatex/blx-compat.def
File: blx-compat.def 2025/07/10 v3.21 biblatex compatibility (PK/MW)
)
Package biblatex Info: Trying to load BibTeX backend compatibility...
Package biblatex Info: ... file 'blx-bibtex.def' found.
 (/usr/local/texlive/2025/texmf-dist/tex/latex/biblatex/blx-bibtex.def
File: blx-bibtex.def 2025/07/10 v3.21 biblatex compatibility (PK/MW)


Package biblatex Warning: Using fall-back bibtex backend:
(biblatex)                functionality may be reduced/unavailable.

)
Package biblatex Info: Trying to load generic definitions...
Package biblatex Info: ... file 'biblatex.def' found.
 (/usr/local/texlive/2025/texmf-dist/tex/latex/biblatex/biblatex.def
File: biblatex.def 2025/07/10 v3.21 biblatex compatibility (PK/MW)
\c@textcitecount=\count483
\c@textcitetotal=\count484
\c@textcitemaxnames=\count485
\c@biburlbigbreakpenalty=\count486
\c@biburlbreakpenalty=\count487
\c@biburlnumpenalty=\count488
\c@biburlucpenalty=\count489
\c@biburllcpenalty=\count490
\biburlbigskip=\muskip19
\biburlnumskip=\muskip20
\biburlucskip=\muskip21
\biburllcskip=\muskip22
\c@smartand=\count491
)
Package biblatex Info: Trying to load bibliography style 'numeric'...
Package biblatex Info: ... file 'numeric.bbx' found.
 (/usr/local/texlive/2025/texmf-dist/tex/latex/biblatex/bbx/numeric.bbx
File: numeric.bbx 2025/07/10 v3.21 biblatex bibliography style (PK/MW)
Package biblatex Info: Trying to load bibliography style 'standard'...
Package biblatex Info: ... file 'standard.bbx' found.
 (/usr/local/texlive/2025/texmf-dist/tex/latex/biblatex/bbx/standard.bbx
File: standard.bbx 2025/07/10 v3.21 biblatex bibliography style (PK/MW)
\c@bbx:relatedcount=\count492
\c@bbx:relatedtotal=\count493
))
Package biblatex Info: Trying to load citation style 'numeric-comp'...
Package biblatex Info: ... file 'numeric-comp.cbx' found.
 (/usr/local/texlive/2025/texmf-dist/tex/latex/biblatex/cbx/numeric-comp.cbx
File: numeric-comp.cbx 2025/07/10 v3.21 biblatex citation style (PK/MW)
\c@cbx@tempcnta=\count494
\c@cbx@tempcntb=\count495
\c@cbx@tempcntc=\count496
\c@cbx@tempcntd=\count497
Package biblatex Info: Redefining '\cite'.
Package biblatex Info: Redefining '\parencite'.
Package biblatex Info: Redefining '\footcite'.
Package biblatex Info: Redefining '\footcitetext'.
Package biblatex Info: Redefining '\smartcite'.
Package biblatex Info: Redefining '\supercite'.
Package biblatex Info: Redefining '\textcite'.
Package biblatex Info: Redefining '\textcites'.
Package biblatex Info: Redefining '\cites'.
Package biblatex Info: Redefining '\parencites'.
Package biblatex Info: Redefining '\smartcites'.
)
Package biblatex Info: Trying to load configuration file...
Package biblatex Info: ... file 'biblatex.cfg' found.
 (/usr/local/texlive/2025/texmf-dist/tex/latex/biblatex/biblatex.cfg
File: biblatex.cfg 
)
Package biblatex Info: Input encoding 'utf8' detected.
Package biblatex Info: Document encoding is UTF8 ....
 (/usr/local/texlive/2025/texmf-dist/tex/latex/l3kernel/expl3.sty
Package: expl3 2025-11-06 L3 programming layer (loader) 
 (/usr/local/texlive/2025/texmf-dist/tex/latex/l3backend/l3backend-pdftex.def
File: l3backend-pdftex.def 2025-10-09 L3 backend support: PDF output (pdfTeX)
\l__color_backend_stack_int=\count498
))
Package biblatex Info: ... and expl3
(biblatex)             2025-11-06 L3 programming layer (loader) 
(biblatex)             is new enough (at least 2020/04/06),
(biblatex)             setting 'casechanger=expl3'.
 (/usr/local/texlive/2025/texmf-dist/tex/latex/biblatex/blx-case-expl3.sty (/usr/local/texlive/2025/texmf-dist/tex/latex/l3packages/xparse/xparse.sty
Package: xparse 2025-10-09 L3 Experimental document command parser
)
Package: blx-case-expl3 2025/07/10 v3.21 expl3 case changing code for biblatex
)) (/usr/local/texlive/2025/texmf-dist/tex/latex/appendix/appendix.sty
Package: appendix 2020/02/08 v1.2c extra appendix facilities
\c@@pps=\count499
\c@@ppsavesec=\count500
\c@@ppsaveapp=\count501
) (/usr/local/texlive/2025/texmf-dist/tex/latex/pdfpages/pdfpages.sty
Package: pdfpages 2025/07/23 v0.6g Insert pages of external PDF documents (AM)
 (/usr/local/texlive/2025/texmf-dist/tex/latex/tools/calc.sty
Package: calc 2025/03/01 v4.3b Infix arithmetic (KKT,FJ)
\calc@Acount=\count502
\calc@Bcount=\count503
\calc@Adimen=\dimen338
\calc@Bdimen=\dimen339
\calc@Askip=\skip102
\calc@Bskip=\skip103
LaTeX Info: Redefining \setlength on input line 86.
LaTeX Info: Redefining \addtolength on input line 87.
\calc@Ccount=\count504
\calc@Cskip=\skip104
) (/usr/local/texlive/2025/texmf-dist/tex/latex/eso-pic/eso-pic.sty
Package: eso-pic 2023/05/03 v3.0c eso-pic (RN)
\ESO@tempdima=\dimen340
\ESO@tempdimb=\dimen341
)
\AM@pagewidth=\dimen342
\AM@pageheight=\dimen343
\AM@fboxrule=\dimen344
 (/usr/local/texlive/2025/texmf-dist/tex/latex/pdfpages/pppdftex.def
File: pppdftex.def 2025/07/23 v0.6g Pdfpages driver for pdfTeX (AM)
)
\pdfpages@includegraphics@status=\count505
\AM@pagebox=\box106
\AM@global@opts=\toks47
\AM@pagecnt=\count506
\AM@toc@title=\toks48
\AM@lof@heading=\toks49
\c@AM@survey=\count507
\AM@templatesizebox=\box107
)
(/usr/local/texlive/2025/texmf-dist/tex/latex/eurosym/eurosym.sty
Package: eurosym 1998/08/06 v1.1 European currency symbol ``Euro''
\@eurobox=\box108
) (/usr/local/texlive/2025/texmf-dist/tex/latex/titlecaps/titlecaps.sty
Package: titlecaps 2022/04/12\ 1.3\ Routines for setting rich-text input into Titling Caps
 (/usr/local/texlive/2025/texmf-dist/tex/latex/ifnextok/ifnextok.sty
Package: ifnextok 2011/06/27 v0.3 test next token (UL)
)
\c@lcword@index=\count508
\c@word@count=\count509
\c@lc@words=\count510
\c@dia@count=\count511
\c@arg@@@index=\count512
) (/usr/local/texlive/2025/texmf-dist/tex/latex/tocloft/tocloft.sty
Package: tocloft 2017/08/31 v2.3i parameterised ToC, etc., typesetting
Package tocloft Info: The document has chapter divisions on input line 51.
\cftparskip=\skip105
\cftbeforetoctitleskip=\skip106
\cftaftertoctitleskip=\skip107
\cftbeforepartskip=\skip108
\cftpartnumwidth=\skip109
\cftpartindent=\skip110
\cftbeforechapskip=\skip111
\cftchapindent=\skip112
\cftchapnumwidth=\skip113
\cftbeforesecskip=\skip114
\cftsecindent=\skip115
\cftsecnumwidth=\skip116
\cftbeforesubsecskip=\skip117
\cftsubsecindent=\skip118
\cftsubsecnumwidth=\skip119
\cftbeforesubsubsecskip=\skip120
\cftsubsubsecindent=\skip121
\cftsubsubsecnumwidth=\skip122
\cftbeforeparaskip=\skip123
\cftparaindent=\skip124
\cftparanumwidth=\skip125
\cftbeforesubparaskip=\skip126
\cftsubparaindent=\skip127
\cftsubparanumwidth=\skip128
\cftbeforeloftitleskip=\skip129
\cftafterloftitleskip=\skip130
\cftbeforefigskip=\skip131
\cftfigindent=\skip132
\cftfignumwidth=\skip133
\c@lofdepth=\count513
\c@lotdepth=\count514
\cftbeforelottitleskip=\skip134
\cftafterlottitleskip=\skip135
\cftbeforetabskip=\skip136
\cfttabindent=\skip137
\cfttabnumwidth=\skip138
)
\mylen=\skip139
\mylenf=\skip140
 (/usr/local/texlive/2025/texmf-dist/tex/latex/titlesec/titlesec.sty
Package: titlesec 2025/01/04 v2.17 Sectioning titles
\ttl@box=\box109
\beforetitleunit=\skip141
\aftertitleunit=\skip142
\ttl@plus=\dimen345
\ttl@minus=\dimen346
\ttl@toksa=\toks50
\titlewidth=\dimen347
\titlewidthlast=\dimen348
\titlewidthfirst=\dimen349
)
\c@subsubsubsection=\count515
Package translations Info: No language package found. I am going to use `english' as default language. on input line 176.
\@quotelevel=\count516
\@quotereset=\count517
LaTeX Font Info:    Trying to load font information for OT1+ptm on input line 176.
 (/usr/local/texlive/2025/texmf-dist/tex/latex/psnfss/ot1ptm.fd
File: ot1ptm.fd 2001/06/04 font definitions for OT1/ptm.
) (./MAIN.aux

LaTeX Warning: Label `eq:Lambda' multiply defined.


LaTeX Warning: Label `eq:id_total' multiply defined.

)
\openout1 = `MAIN.aux'.

LaTeX Font Info:    Checking defaults for OML/cmm/m/it on input line 176.
LaTeX Font Info:    ... okay on input line 176.
LaTeX Font Info:    Checking defaults for OMS/cmsy/m/n on input line 176.
LaTeX Font Info:    ... okay on input line 176.
LaTeX Font Info:    Checking defaults for OT1/cmr/m/n on input line 176.
LaTeX Font Info:    ... okay on input line 176.
LaTeX Font Info:    Checking defaults for T1/cmr/m/n on input line 176.
LaTeX Font Info:    ... okay on input line 176.
LaTeX Font Info:    Checking defaults for TS1/cmr/m/n on input line 176.
LaTeX Font Info:    ... okay on input line 176.
LaTeX Font Info:    Checking defaults for OMX/cmex/m/n on input line 176.
LaTeX Font Info:    ... okay on input line 176.
LaTeX Font Info:    Checking defaults for U/cmr/m/n on input line 176.
LaTeX Font Info:    ... okay on input line 176.
LaTeX Font Info:    Checking defaults for PD1/pdf/m/n on input line 176.
LaTeX Font Info:    ... okay on input line 176.
LaTeX Font Info:    Checking defaults for PU/pdf/m/n on input line 176.
LaTeX Font Info:    ... okay on input line 176.

*geometry* driver: auto-detecting
*geometry* detected driver: pdftex
*geometry* verbose mode - [ preamble ] result:
* driver: pdftex
* paper: a4paper
* layout: <same size as paper>
* layoutoffset:(h,v)=(0.0pt,0.0pt)
* modes: twoside 
* h-part:(L,W,R)=(100.72273pt, 424.51515pt, 72.26999pt)
* v-part:(T,H,B)=(72.26999pt, 700.50687pt, 72.26999pt)
* \paperwidth=597.50787pt
* \paperheight=845.04684pt
* \textwidth=424.51515pt
* \textheight=700.50687pt
* \oddsidemargin=28.45274pt
* \evensidemargin=0.0pt
* \topmargin=-37.0pt
* \headheight=12.0pt
* \headsep=25.0pt
* \topskip=12.0pt
* \footskip=30.0pt
* \marginparwidth=85.0pt
* \marginparsep=10.0pt
* \columnsep=10.0pt
* \skip\footins=10.8pt plus 4.0pt minus 2.0pt
* \hoffset=0.0pt
* \voffset=0.0pt
* \mag=1000
* \@twocolumnfalse
* \@twosidetrue
* \@mparswitchtrue
* \@reversemarginfalse
* (1in=72.27pt=25.4mm, 1cm=28.453pt)

(/usr/local/texlive/2025/texmf-dist/tex/latex/translations/translations-basic-dictionary-english.trsl
File: translations-basic-dictionary-english.trsl (english translation file `translations-basic-dictionary')
)
Package translations Info: loading dictionary `translations-basic-dictionary' for `english'. on input line 176.
 (/usr/local/texlive/2025/texmf-dist/tex/context/base/mkii/supp-pdf.mkii
[Loading MPS to PDF converter (version 2006.09.02).]
\scratchcounter=\count518
\scratchdimen=\dimen350
\scratchbox=\box110
\nofMPsegments=\count519
\nofMParguments=\count520
\everyMPshowfont=\toks51
\MPscratchCnt=\count521
\MPscratchDim=\dimen351
\MPnumerator=\count522
\makeMPintoPDFobject=\count523
\everyMPtoPDFconversion=\toks52
) (/usr/local/texlive/2025/texmf-dist/tex/latex/epstopdf-pkg/epstopdf-base.sty
Package: epstopdf-base 2020-01-24 v2.11 Base part for package epstopdf
Package epstopdf-base Info: Redefining graphics rule for `.eps' on input line 485.
 (/usr/local/texlive/2025/texmf-dist/tex/latex/latexconfig/epstopdf-sys.cfg
File: epstopdf-sys.cfg 2010/07/13 v1.3 Configuration of (r)epstopdf for TeX Live
))
Package caption Info: Begin \AtBeginDocument code.
Package caption Info: float package is loaded.
Package caption Info: hyperref package is loaded.
Package caption Info: End \AtBeginDocument code.
Package hyperref Info: Link coloring OFF on input line 176.
 (./MAIN.out) (./MAIN.out)
\@outlinefile=\write6
\openout6 = `MAIN.out'.

Package biblatex Info: Trying to load language 'english'...
Package biblatex Info: ... file 'english.lbx' found.
 (/usr/local/texlive/2025/texmf-dist/tex/latex/biblatex/lbx/english.lbx
File: english.lbx 2025/07/10 v3.21 biblatex localization (PK/MW)
)
Package biblatex Info: Input encoding 'utf8' detected.
Package biblatex Info: Automatic encoding selection.
(biblatex)             Assuming data encoding 'utf8'.
Package biblatex Info: Input encoding 'utf8' detected.
Package biblatex Info: Data encoding 'utf8' specified.
(biblatex)             No need to reencode data.
\openout5 = `MAIN-blx.bib'.

Package biblatex Info: Trying to load bibliographic data...
Package biblatex Info: ... file 'MAIN.bbl' found.
 (./MAIN.bbl)
Package biblatex Info: Reference section=0 on input line 176.
Package biblatex Info: Reference segment=0 on input line 176.
 (/usr/local/texlive/2025/texmf-dist/tex/latex/pdflscape/pdflscape.sty
Package: pdflscape 2025-06-23 v0.14 Display of landscape pages in PDF
 (/usr/local/texlive/2025/texmf-dist/tex/latex/pdflscape/pdflscape-nometadata.sty
Package: pdflscape-nometadata 2025-06-23 v0.14 Display of landscape pages in PDF (HO)
 (/usr/local/texlive/2025/texmf-dist/tex/latex/graphics/lscape.sty
Package: lscape 2020/05/28 v3.02 Landscape Pages (DPC)
)
Package pdflscape Info: Auto-detected driver: pdftex on input line 81.
)) (./MAIN.toc
LaTeX Font Info:    Trying to load font information for U+msa on input line 1.
 (/usr/local/texlive/2025/texmf-dist/tex/latex/amsfonts/umsa.fd
File: umsa.fd 2013/01/14 v3.01 AMS symbols A
)
LaTeX Font Info:    Trying to load font information for U+msb on input line 1.
 (/usr/local/texlive/2025/texmf-dist/tex/latex/amsfonts/umsb.fd
File: umsb.fd 2013/01/14 v3.01 AMS symbols B
)
LaTeX Font Info:    Trying to load font information for U+rsfs on input line 1.
 (/usr/local/texlive/2025/texmf-dist/tex/latex/jknapltx/ursfs.fd
File: ursfs.fd 1998/03/24 rsfs font definition file (jk)
) [1


{/usr/local/texlive/2025/texmf-var/fonts/map/pdftex/updmap/pdftex.map}{/usr/local/texlive/2025/texmf-dist/fonts/enc/dvips/base/8r.enc}]
Overfull \hbox (0.85883pt too wide) in paragraph at lines 76--76
 [][] [][]\OT1/ptm/m/n/12 Modulated Model Pre-dic-tive Con-troller Sim-u-la-tion Mod-el-ing Un- 
 []

[2]
Overfull \hbox (0.59096pt too wide) in paragraph at lines 85--85
 [][] [][]\OT1/ptm/m/n/12 Hybrid Mod-u-lated Model Pre-dic-tive Con-troller with Non-Linearities Har- 
 []

)
\tf@toc=\write7
\openout7 = `MAIN.toc'.

 [3] (./MAIN.lot)
\tf@lot=\write8
\openout8 = `MAIN.lot'.

 [4

] (./MAIN.lof
Overfull \hbox (10.45636pt too wide) in paragraph at lines 19--19
 [][] [][]\OT1/ptm/m/n/12 FCS{MPC dy-namic re-sponse (ideal model) for speed changes within 
 []


Overfull \hbox (6.28033pt too wide) in paragraph at lines 20--20
 [][] [][]\OT1/ptm/m/n/12 FCS{MPC pa-ram-e-ter vari-a-tion at low speed (100 rpm, ideal model). 
 []


Underfull \vbox (badness 10000) has occurred while \output is active []

 [5

]
Overfull \hbox (21.32239pt too wide) in paragraph at lines 27--27
 \OT1/ptm/m/n/12 rpm, ideal model). The pre-dic-tion model uses $\OML/cmm/m/it/12 R[][]\OT1/cmr/m/n/12 25%$ \OT1/ptm/m/n/12 and $\OML/cmm/m/it/12 L[][]\OT1/cmr/m/n/12 25%$\OT1/ptm/m/n/12 . 
 []


Overfull \hbox (1.6pt too wide) in paragraph at lines 27--27
 \OT1/ptm/m/n/12 THD com-par-i-son, which re-mains at $[]$|indistinguishable from 
 []


Overfull \hbox (15.71301pt too wide) in paragraph at lines 27--27
 \OT1/ptm/m/n/12 the no-variation case|indicating high ro-bust-ness of band-width/cutoff 
 []


Underfull \vbox (badness 10000) has occurred while \output is active []

 [6]
Overfull \hbox (2.512pt too wide) in paragraph at lines 38--38
 [][] [][]\OT1/ptm/m/n/12 PI con-troller un-der pa-ram-e-ter vari-a-tion with in-verter non-linearities 
 []


Overfull \hbox (0.25606pt too wide) in paragraph at lines 39--39
 \OT1/ptm/m/n/12 pos-ite plot shows mo-tor speed, $\OML/cmm/m/it/12 i[]$\OT1/ptm/m/n/12 , and phase cur-rents dur-ing torque 
 []


Overfull \hbox (12.07646pt too wide) in paragraph at lines 41--41
 [][] [][]\OT1/ptm/m/n/12 FCS{MPC at 10% rated speed (200 rpm) with in-verter non-linearities 
 []


Overfull \hbox (3.18423pt too wide) in paragraph at lines 48--48
 [][] [][]\OT1/ptm/m/n/12 M2PC un-der pa-ram-e-ter vari-a-tion with in-verter non-linearities (dead 
 []


Underfull \vbox (badness 10000) has occurred while \output is active []

 [7]
Overfull \hbox (4.66069pt too wide) in paragraph at lines 51--51
 \OT1/ptm/m/n/12 MMPC ap-proach, and har-monic pre-dic-tion in mul-ti-ple syn-chronous 
 []


Overfull \hbox (2.78928pt too wide) in paragraph at lines 52--52
 \OT1/ptm/m/n/12 un-der in-verter non-linearities (dead time, de-vice drops). Each panel 
 []


Overfull \hbox (1.86462pt too wide) in paragraph at lines 54--54
 [][] [][]\OT1/ptm/m/n/12 Dynamic per-for-mance of MMPC-HE un-der in-verter non-linearities 
 []


Overfull \hbox (5.7531pt too wide) in paragraph at lines 56--56
 [][] [][]\OT1/ptm/m/n/12 Proposed MMPC-HE un-der load vari-a-tion at 50% rated speed (1000 
 []

)
\tf@lof=\write9
\openout9 = `MAIN.lof'.

 [8] (./Chapters/FrontPages/Abstract.tex
Overfull \hbox (10.52179pt too wide) in paragraph at lines 21--22
\OT1/ptm/m/n/12 50% rated), load steps (10--100% rated torque), and pa-ram-e-ter vari-a-tion ($\OML/cmm/m/it/12 R[]\OT1/cmr/m/n/12 25%$\OT1/ptm/m/n/12 , $\OML/cmm/m/it/12 L[]\OT1/cmr/m/n/12 25%$\OT1/ptm/m/n/12 ),
 []

) [9


]
Chapter 1.
(./Chapters/CH1/CH1.tex
LaTeX Font Info:    Trying to load font information for TS1+ptm on input line 19.
 (/usr/local/texlive/2025/texmf-dist/tex/latex/psnfss/ts1ptm.fd
File: ts1ptm.fd 2001/06/04 font definitions for TS1/ptm.
) [1

] [2]
Overfull \hbox (1.97092pt too wide) in paragraph at lines 54--55
[]\OT1/ptm/b/n/12 A harmonic-extraction aug-men-ta-tion \OT1/ptm/m/n/12 that se-lec-tively can-cels dom-i-nant low-order
 []

[3]
Overfull \hbox (19.15384pt too wide) in paragraph at lines 63--64
\OT1/ptm/m/n/12 Chapter []2[] de-vel-ops the PMSM model from phase vari-ables to $\OML/cmm/m/it/12 dq$ \OT1/ptm/m/n/12 form, states the torque/power
 []

) [4]
Chapter 2.
(./Chapters/CH2/CH2.tex
Underfull \vbox (badness 10000) has occurred while \output is active []

 [5

] [6] [7] [8] (./Chapters/CH2/Pictures/SensorlessDriveSystemTikZ.tex)
Underfull \vbox (badness 2608) has occurred while \output is active []

 [9] [10]
<./Chapters/CH2/Pictures/./Filter.pdf, id=919, 374.39874pt x 305.14pt>
File: ./Chapters/CH2/Pictures/./Filter.pdf Graphic file (type pdf)
<use ./Chapters/CH2/Pictures/./Filter.pdf>
Package pdftex.def Info: ./Chapters/CH2/Pictures/./Filter.pdf  used on input line 472.
(pdftex.def)             Requested size: 424.51515pt x 346.00543pt.


LaTeX Warning: `h' float specifier changed to `ht'.

[11] [12 <./Chapters/CH2/Pictures/./Filter.pdf>] [13]
Overfull \hbox (8.84962pt too wide) in paragraph at lines 677--679
\OT1/ptm/m/n/12 Equations []{[] pro-duce a first-order, mono-tonic cur-rent re-sponse with zero steady-
 []

[14]
<./Chapters/CH2/Pictures/./CurrentControllerBodePlot.pdf, id=993, 388.45125pt x 309.155pt>
File: ./Chapters/CH2/Pictures/./CurrentControllerBodePlot.pdf Graphic file (type pdf)
<use ./Chapters/CH2/Pictures/./CurrentControllerBodePlot.pdf>
Package pdftex.def Info: ./Chapters/CH2/Pictures/./CurrentControllerBodePlot.pdf  used on input line 736.
(pdftex.def)             Requested size: 424.51515pt x 337.86383pt.
 [15 <./Chapters/CH2/Pictures/./CurrentControllerBodePlot.pdf>]
<./Chapters/CH2/Pictures/./SpeedControllerBodePlot.pdf, id=1017, 388.45125pt x 309.155pt>
File: ./Chapters/CH2/Pictures/./SpeedControllerBodePlot.pdf Graphic file (type pdf)
<use ./Chapters/CH2/Pictures/./SpeedControllerBodePlot.pdf>
Package pdftex.def Info: ./Chapters/CH2/Pictures/./SpeedControllerBodePlot.pdf  used on input line 812.
(pdftex.def)             Requested size: 424.51515pt x 337.86383pt.


LaTeX Warning: `h' float specifier changed to `ht'.

[16]
<./Chapters/CH2/Pictures/./MidSpeedLowLoadSteadyState.pdf, id=1034, 448.67625pt x 323.2075pt>
File: ./Chapters/CH2/Pictures/./MidSpeedLowLoadSteadyState.pdf Graphic file (type pdf)
<use ./Chapters/CH2/Pictures/./MidSpeedLowLoadSteadyState.pdf>
Package pdftex.def Info: ./Chapters/CH2/Pictures/./MidSpeedLowLoadSteadyState.pdf  used on input line 839.
(pdftex.def)             Requested size: 205.8901pt x 148.3123pt.
<./Chapters/CH2/Pictures/./MidSpeedMidLoadSteadyState.pdf, id=1035, 448.67625pt x 323.2075pt>
File: ./Chapters/CH2/Pictures/./MidSpeedMidLoadSteadyState.pdf Graphic file (type pdf)
<use ./Chapters/CH2/Pictures/./MidSpeedMidLoadSteadyState.pdf>
Package pdftex.def Info: ./Chapters/CH2/Pictures/./MidSpeedMidLoadSteadyState.pdf  used on input line 846.
(pdftex.def)             Requested size: 205.8901pt x 148.3123pt.

Underfull \vbox (badness 10000) has occurred while \output is active []

 [17 <./Chapters/CH2/Pictures/./SpeedControllerBodePlot.pdf>]
<./Chapters/CH2/Pictures/./PISteadyStateLowLoad100Rpm.pdf, id=1050, 448.67625pt x 323.2075pt>
File: ./Chapters/CH2/Pictures/./PISteadyStateLowLoad100Rpm.pdf Graphic file (type pdf)
<use ./Chapters/CH2/Pictures/./PISteadyStateLowLoad100Rpm.pdf>
Package pdftex.def Info: ./Chapters/CH2/Pictures/./PISteadyStateLowLoad100Rpm.pdf  used on input line 869.
(pdftex.def)             Requested size: 205.8901pt x 148.3123pt.
<./Chapters/CH2/Pictures/./PISteadyStateHighLoad100Rpm.pdf, id=1051, 448.67625pt x 323.2075pt>
File: ./Chapters/CH2/Pictures/./PISteadyStateHighLoad100Rpm.pdf Graphic file (type pdf)
<use ./Chapters/CH2/Pictures/./PISteadyStateHighLoad100Rpm.pdf>
Package pdftex.def Info: ./Chapters/CH2/Pictures/./PISteadyStateHighLoad100Rpm.pdf  used on input line 876.
(pdftex.def)             Requested size: 205.8901pt x 148.3123pt.
<./Chapters/CH2/Pictures/./PISteadyStateLowLoad200Rpm.pdf, id=1052, 448.67625pt x 323.2075pt>
File: ./Chapters/CH2/Pictures/./PISteadyStateLowLoad200Rpm.pdf Graphic file (type pdf)
<use ./Chapters/CH2/Pictures/./PISteadyStateLowLoad200Rpm.pdf>
Package pdftex.def Info: ./Chapters/CH2/Pictures/./PISteadyStateLowLoad200Rpm.pdf  used on input line 890.
(pdftex.def)             Requested size: 205.8901pt x 148.3123pt.
<./Chapters/CH2/Pictures/./PISteadyStateHighLoad200Rpm.pdf, id=1053, 448.67625pt x 323.2075pt>
File: ./Chapters/CH2/Pictures/./PISteadyStateHighLoad200Rpm.pdf Graphic file (type pdf)
<use ./Chapters/CH2/Pictures/./PISteadyStateHighLoad200Rpm.pdf>
Package pdftex.def Info: ./Chapters/CH2/Pictures/./PISteadyStateHighLoad200Rpm.pdf  used on input line 897.
(pdftex.def)             Requested size: 205.8901pt x 148.3123pt.

Underfull \vbox (badness 10000) has occurred while \output is active []

 [18 <./Chapters/CH2/Pictures/./MidSpeedLowLoadSteadyState.pdf> <./Chapters/CH2/Pictures/./MidSpeedMidLoadSteadyState.pdf> <./Chapters/CH2/Pictures/./PISteadyStateLowLoad100Rpm.pdf> <./Chapters/CH2/Pictures/./PISteadyStateHighLoad100Rpm.pdf>]
<./Chapters/CH2/Pictures/./DynamicResponsePILowLoad.pdf, id=1092, 416.55624pt x 313.17pt>
File: ./Chapters/CH2/Pictures/./DynamicResponsePILowLoad.pdf Graphic file (type pdf)
<use ./Chapters/CH2/Pictures/./DynamicResponsePILowLoad.pdf>
Package pdftex.def Info: ./Chapters/CH2/Pictures/./DynamicResponsePILowLoad.pdf  used on input line 917.
(pdftex.def)             Requested size: 205.8901pt x 154.79263pt.
<./Chapters/CH2/Pictures/./DynamicResponsePIHighLoad.pdf, id=1093, 416.55624pt x 313.17pt>
File: ./Chapters/CH2/Pictures/./DynamicResponsePIHighLoad.pdf Graphic file (type pdf)
<use ./Chapters/CH2/Pictures/./DynamicResponsePIHighLoad.pdf>
Package pdftex.def Info: ./Chapters/CH2/Pictures/./DynamicResponsePIHighLoad.pdf  used on input line 924.
(pdftex.def)             Requested size: 205.8901pt x 154.79263pt.

Underfull \vbox (badness 10000) has occurred while \output is active []

 [19 <./Chapters/CH2/Pictures/./PISteadyStateLowLoad200Rpm.pdf> <./Chapters/CH2/Pictures/./PISteadyStateHighLoad200Rpm.pdf> <./Chapters/CH2/Pictures/./DynamicResponsePILowLoad.pdf> <./Chapters/CH2/Pictures/./DynamicResponsePIHighLoad.pdf>]
<./Chapters/CH2/Pictures/./ParameterVariation.pdf, id=1127, 448.67625pt x 323.2075pt>
File: ./Chapters/CH2/Pictures/./ParameterVariation.pdf Graphic file (type pdf)
<use ./Chapters/CH2/Pictures/./ParameterVariation.pdf>
Package pdftex.def Info: ./Chapters/CH2/Pictures/./ParameterVariation.pdf  used on input line 941.
(pdftex.def)             Requested size: 205.8901pt x 148.3123pt.
<./Chapters/CH2/Pictures/./LoadVariation.pdf, id=1130, 416.55624pt x 313.17pt>
File: ./Chapters/CH2/Pictures/./LoadVariation.pdf Graphic file (type pdf)
<use ./Chapters/CH2/Pictures/./LoadVariation.pdf>
Package pdftex.def Info: ./Chapters/CH2/Pictures/./LoadVariation.pdf  used on input line 957.
(pdftex.def)             Requested size: 254.71167pt x 191.49693pt.

Underfull \vbox (badness 10000) has occurred while \output is active []

 [20 <./Chapters/CH2/Pictures/./ParameterVariation.pdf>]) [21 <./Chapters/CH2/Pictures/./LoadVariation.pdf>]
Chapter 3.
(./Chapters/CH3/CH3.tex [22

]
<./Chapters/CH3/Pictures/FCS.pdf, id=1158, 598.235pt x 342.27875pt>
File: ./Chapters/CH3/Pictures/FCS.pdf Graphic file (type pdf)
<use ./Chapters/CH3/Pictures/FCS.pdf>
Package pdftex.def Info: ./Chapters/CH3/Pictures/FCS.pdf  used on input line 72.
(pdftex.def)             Requested size: 424.51515pt x 242.88902pt.
 [23]
<./Chapters/CH3/Pictures/./InverterStates.png, id=1164, 308.352pt x 223.43475pt>
File: ./Chapters/CH3/Pictures/./InverterStates.png Graphic file (type png)
<use ./Chapters/CH3/Pictures/./InverterStates.png>
Package pdftex.def Info: ./Chapters/CH3/Pictures/./InverterStates.png  used on input line 95.
(pdftex.def)             Requested size: 424.51515pt x 307.61409pt.


LaTeX Warning: `h' float specifier changed to `ht'.

[24 <./Chapters/CH3/Pictures/FCS.pdf>] [25 <./Chapters/CH3/Pictures/./InverterStates.PNG>]
Overfull \hbox (23.60834pt too wide) in paragraph at lines 202--203
[]\OT1/ptm/m/n/12 Define con-troller data: $\OML/cmm/m/it/12 T[]$\OT1/ptm/m/n/12 , ma-chine/inverter pa-ram-e-ters, lim-its, weights, and delay/dead-
 []


Overfull \hbox (11.85875pt too wide) in paragraph at lines 210--211
[]\OT1/ptm/m/n/12 Enforce con-straints and dis-card in-fea-si-ble can-di-dates (cur-rent/voltage/thermal/speed). 
 []

[26]
<./Chapters/CH3/Pictures/./FCSMidSpeedMidLoadSteadyState.pdf, id=1214, 448.67625pt x 323.2075pt>
File: ./Chapters/CH3/Pictures/./FCSMidSpeedMidLoadSteadyState.pdf Graphic file (type pdf)
<use ./Chapters/CH3/Pictures/./FCSMidSpeedMidLoadSteadyState.pdf>
Package pdftex.def Info: ./Chapters/CH3/Pictures/./FCSMidSpeedMidLoadSteadyState.pdf  used on input line 228.
(pdftex.def)             Requested size: 297.1593pt x 214.06723pt.
<./Chapters/CH3/Pictures/./FCSSteadyStateLowLoad100Rpm.pdf, id=1218, 448.67625pt x 323.2075pt>
File: ./Chapters/CH3/Pictures/./FCSSteadyStateLowLoad100Rpm.pdf Graphic file (type pdf)
<use ./Chapters/CH3/Pictures/./FCSSteadyStateLowLoad100Rpm.pdf>
Package pdftex.def Info: ./Chapters/CH3/Pictures/./FCSSteadyStateLowLoad100Rpm.pdf  used on input line 241.
(pdftex.def)             Requested size: 205.8901pt x 148.3123pt.
<./Chapters/CH3/Pictures/./FCSSteadyStateHighLoad100Rpm.pdf, id=1219, 448.67625pt x 323.2075pt>
File: ./Chapters/CH3/Pictures/./FCSSteadyStateHighLoad100Rpm.pdf Graphic file (type pdf)
<use ./Chapters/CH3/Pictures/./FCSSteadyStateHighLoad100Rpm.pdf>
Package pdftex.def Info: ./Chapters/CH3/Pictures/./FCSSteadyStateHighLoad100Rpm.pdf  used on input line 248.
(pdftex.def)             Requested size: 205.8901pt x 148.3123pt.

Underfull \vbox (badness 10000) has occurred while \output is active []

 [27 <./Chapters/CH3/Pictures/./FCSMidSpeedMidLoadSteadyState.pdf>]
<./Chapters/CH3/Pictures/./FCSDynamicResponseLowLoad.pdf, id=1235, 416.55624pt x 313.17pt>
File: ./Chapters/CH3/Pictures/./FCSDynamicResponseLowLoad.pdf Graphic file (type pdf)
<use ./Chapters/CH3/Pictures/./FCSDynamicResponseLowLoad.pdf>
Package pdftex.def Info: ./Chapters/CH3/Pictures/./FCSDynamicResponseLowLoad.pdf  used on input line 268.
(pdftex.def)             Requested size: 205.8901pt x 154.79263pt.
<./Chapters/CH3/Pictures/./FCSDynamicResponseHighLoad.pdf, id=1236, 416.55624pt x 313.17pt>
File: ./Chapters/CH3/Pictures/./FCSDynamicResponseHighLoad.pdf Graphic file (type pdf)
<use ./Chapters/CH3/Pictures/./FCSDynamicResponseHighLoad.pdf>
Package pdftex.def Info: ./Chapters/CH3/Pictures/./FCSDynamicResponseHighLoad.pdf  used on input line 276.
(pdftex.def)             Requested size: 205.8901pt x 154.79263pt.

Overfull \hbox (10.40677pt too wide) in paragraph at lines 287--290
\OT1/ptm/m/n/12 nal model|stator re-sis-tance in-creased by $\OT1/cmr/m/n/12 +25%$ \OT1/ptm/m/n/12 and in-duc-tances de-creased by $\OT1/cmr/m/n/12 25%$\OT1/ptm/m/n/12 |while
 []


Underfull \vbox (badness 1490) has occurred while \output is active []

 [28 <./Chapters/CH3/Pictures/./FCSSteadyStateLowLoad100Rpm.pdf> <./Chapters/CH3/Pictures/./FCSSteadyStateHighLoad100Rpm.pdf> <./Chapters/CH3/Pictures/./FCSDynamicResponseLowLoad.pdf> <./Chapters/CH3/Pictures/./FCSDynamicResponseHighLoad.pdf>]
<./Chapters/CH3/Pictures/./FCSParameterVariation.pdf, id=1268, 448.67625pt x 323.2075pt>
File: ./Chapters/CH3/Pictures/./FCSParameterVariation.pdf Graphic file (type pdf)
<use ./Chapters/CH3/Pictures/./FCSParameterVariation.pdf>
Package pdftex.def Info: ./Chapters/CH3/Pictures/./FCSParameterVariation.pdf  used on input line 294.
(pdftex.def)             Requested size: 297.1593pt x 214.06723pt.
<./Chapters/CH3/Pictures/./FCSLoadVariation.pdf, id=1272, 416.55624pt x 313.17pt>
File: ./Chapters/CH3/Pictures/./FCSLoadVariation.pdf Graphic file (type pdf)
<use ./Chapters/CH3/Pictures/./FCSLoadVariation.pdf>
Package pdftex.def Info: ./Chapters/CH3/Pictures/./FCSLoadVariation.pdf  used on input line 306.
(pdftex.def)             Requested size: 254.71167pt x 191.49693pt.

Underfull \vbox (badness 10000) has occurred while \output is active []

 [29 <./Chapters/CH3/Pictures/./FCSParameterVariation.pdf>]
<./Chapters/CH3/Pictures/M2PC.pdf, id=1286, 598.235pt x 342.27875pt>
File: ./Chapters/CH3/Pictures/M2PC.pdf Graphic file (type pdf)
<use ./Chapters/CH3/Pictures/M2PC.pdf>
Package pdftex.def Info: ./Chapters/CH3/Pictures/M2PC.pdf  used on input line 341.
(pdftex.def)             Requested size: 424.51515pt x 242.88902pt.

Underfull \vbox (badness 10000) has occurred while \output is active []

 [30 <./Chapters/CH3/Pictures/./FCSLoadVariation.pdf>]
Overfull \hbox (68.58832pt too wide) detected at line 398
[][][]\OML/cmm/m/it/12 E[]\OT1/cmr/m/n/12 [\OML/cmm/m/it/12 k \OT1/cmr/m/n/12 + 1] = \OML/cmm/m/it/12 i[]\OT1/cmr/m/n/12 [\OML/cmm/m/it/12 k[]\OT1/cmr/m/n/12 1] \OMS/cmsy/m/n/12 ^^@ []\OT1/cmr/m/n/12 [\OML/cmm/m/it/12 k \OT1/cmr/m/n/12 + 1]\OML/cmm/m/it/12 ;  E[]\OT1/cmr/m/n/12 [\OML/cmm/m/it/12 k \OT1/cmr/m/n/12 + 1] = \OML/cmm/m/it/12 i[]\OT1/cmr/m/n/12 [\OML/cmm/m/it/12 k[]\OT1/cmr/m/n/12 1] \OMS/cmsy/m/n/12 ^^@ []\OT1/cmr/m/n/12 [\OML/cmm/m/it/12 k \OT1/cmr/m/n/12 + 1]\OML/cmm/m/it/12 ; [] J[]\OT1/cmr/m/n/12 [\OML/cmm/m/it/12 k \OT1/cmr/m/n/12 + 1] = (\OML/cmm/m/it/12 E[]\OT1/cmr/m/n/12 [\OML/cmm/m/it/12 k \OT1/cmr/m/n/12 + 1])[] + (\OML/cmm/m/it/12 E[]\OT1/cmr/m/n/12 [\OML/cmm/m/it/12 k \OT1/cmr/m/n/12 + 1])[]\OML/cmm/m/it/12 :
 []

[31 <./Chapters/CH3/Pictures/M2PC.pdf>]
Overfull \hbox (29.26553pt too wide) detected at line 427
[][][]\OML/cmm/m/it/12 D  \OT1/cmr/m/n/12 =  \OML/cmm/m/it/12 E[]\OT1/cmr/m/n/12 (\OML/cmm/m/it/12 v[]\OT1/cmr/m/n/12 ) []\OML/cmm/m/it/12 E[]\OT1/cmr/m/n/12 (\OML/cmm/m/it/12 v[]\OT1/cmr/m/n/12 ) \OMS/cmsy/m/n/12 ^^@ \OML/cmm/m/it/12 E[]\OT1/cmr/m/n/12 (\OML/cmm/m/it/12 v[]\OT1/cmr/m/n/12 )[] + \OML/cmm/m/it/12 E[]\OT1/cmr/m/n/12 (\OML/cmm/m/it/12 v[]\OT1/cmr/m/n/12 ) []\OML/cmm/m/it/12 E[]\OT1/cmr/m/n/12 (\OML/cmm/m/it/12 v[]\OT1/cmr/m/n/12 ) \OMS/cmsy/m/n/12 ^^@ \OML/cmm/m/it/12 E[]\OT1/cmr/m/n/12 (\OML/cmm/m/it/12 v[]\OT1/cmr/m/n/12 )[] + \OML/cmm/m/it/12 E[]\OT1/cmr/m/n/12 (\OML/cmm/m/it/12 v[]\OT1/cmr/m/n/12 ) []\OML/cmm/m/it/12 E[]\OT1/cmr/m/n/12 (\OML/cmm/m/it/12 v[]\OT1/cmr/m/n/12 ) \OMS/cmsy/m/n/12 ^^@ \OML/cmm/m/it/12 E[]\OT1/cmr/m/n/12 (\OML/cmm/m/it/12 v[]\OT1/cmr/m/n/12 )[]\OML/cmm/m/it/12 :
 []


Overfull \hbox (2.83679pt too wide) in paragraph at lines 449--450
\OT1/ptm/m/n/12 tar-get [], and re-places \ap-ply one vec-tor" with the SVM dwell syn-the-sis []{[].
 []

[32]
<./Chapters/CH3/Pictures/./MPCMidSpeedLowLoadSteadyState.pdf, id=1328, 448.67625pt x 323.2075pt>
File: ./Chapters/CH3/Pictures/./MPCMidSpeedLowLoadSteadyState.pdf Graphic file (type pdf)
<use ./Chapters/CH3/Pictures/./MPCMidSpeedLowLoadSteadyState.pdf>
Package pdftex.def Info: ./Chapters/CH3/Pictures/./MPCMidSpeedLowLoadSteadyState.pdf  used on input line 465.
(pdftex.def)             Requested size: 205.8901pt x 148.3123pt.
<./Chapters/CH3/Pictures/./MPCMidSpeedMidLoadSteadyState.pdf, id=1329, 448.67625pt x 323.2075pt>
File: ./Chapters/CH3/Pictures/./MPCMidSpeedMidLoadSteadyState.pdf Graphic file (type pdf)
<use ./Chapters/CH3/Pictures/./MPCMidSpeedMidLoadSteadyState.pdf>
Package pdftex.def Info: ./Chapters/CH3/Pictures/./MPCMidSpeedMidLoadSteadyState.pdf  used on input line 473.
(pdftex.def)             Requested size: 205.8901pt x 148.3123pt.
 [33 <./Chapters/CH3/Pictures/./MPCMidSpeedLowLoadSteadyState.pdf> <./Chapters/CH3/Pictures/./MPCMidSpeedMidLoadSteadyState.pdf>]
<./Chapters/CH3/Pictures/./MPCSteadyStateLowLoad100Rpm.pdf, id=1355, 448.67625pt x 323.2075pt>
File: ./Chapters/CH3/Pictures/./MPCSteadyStateLowLoad100Rpm.pdf Graphic file (type pdf)
<use ./Chapters/CH3/Pictures/./MPCSteadyStateLowLoad100Rpm.pdf>
Package pdftex.def Info: ./Chapters/CH3/Pictures/./MPCSteadyStateLowLoad100Rpm.pdf  used on input line 495.
(pdftex.def)             Requested size: 205.8901pt x 148.3123pt.
<./Chapters/CH3/Pictures/./MPCSteadyStateHighLoad100Rpm.pdf, id=1356, 448.67625pt x 323.2075pt>
File: ./Chapters/CH3/Pictures/./MPCSteadyStateHighLoad100Rpm.pdf Graphic file (type pdf)
<use ./Chapters/CH3/Pictures/./MPCSteadyStateHighLoad100Rpm.pdf>
Package pdftex.def Info: ./Chapters/CH3/Pictures/./MPCSteadyStateHighLoad100Rpm.pdf  used on input line 503.
(pdftex.def)             Requested size: 205.8901pt x 148.3123pt.
<./Chapters/CH3/Pictures/./MPCSteadyStateLowLoad200Rpm.pdf, id=1357, 448.67625pt x 325.215pt>
File: ./Chapters/CH3/Pictures/./MPCSteadyStateLowLoad200Rpm.pdf Graphic file (type pdf)
<use ./Chapters/CH3/Pictures/./MPCSteadyStateLowLoad200Rpm.pdf>
Package pdftex.def Info: ./Chapters/CH3/Pictures/./MPCSteadyStateLowLoad200Rpm.pdf  used on input line 518.
(pdftex.def)             Requested size: 205.8901pt x 149.23349pt.
<./Chapters/CH3/Pictures/./MPCSteadyStateHighLoad200Rpm.pdf, id=1358, 448.67625pt x 323.2075pt>
File: ./Chapters/CH3/Pictures/./MPCSteadyStateHighLoad200Rpm.pdf Graphic file (type pdf)
<use ./Chapters/CH3/Pictures/./MPCSteadyStateHighLoad200Rpm.pdf>
Package pdftex.def Info: ./Chapters/CH3/Pictures/./MPCSteadyStateHighLoad200Rpm.pdf  used on input line 526.
(pdftex.def)             Requested size: 205.8901pt x 148.3123pt.
<./Chapters/CH3/Pictures/./MPCDynamicResponseLowLoad.pdf, id=1361, 416.55624pt x 313.17pt>
File: ./Chapters/CH3/Pictures/./MPCDynamicResponseLowLoad.pdf Graphic file (type pdf)
<use ./Chapters/CH3/Pictures/./MPCDynamicResponseLowLoad.pdf>
Package pdftex.def Info: ./Chapters/CH3/Pictures/./MPCDynamicResponseLowLoad.pdf  used on input line 546.
(pdftex.def)             Requested size: 205.8901pt x 154.79263pt.
<./Chapters/CH3/Pictures/./MPCDynamicResponseHighLoad.pdf, id=1362, 416.55624pt x 313.17pt>
File: ./Chapters/CH3/Pictures/./MPCDynamicResponseHighLoad.pdf Graphic file (type pdf)
<use ./Chapters/CH3/Pictures/./MPCDynamicResponseHighLoad.pdf>
Package pdftex.def Info: ./Chapters/CH3/Pictures/./MPCDynamicResponseHighLoad.pdf  used on input line 554.
(pdftex.def)             Requested size: 205.8901pt x 154.79263pt.
 [34 <./Chapters/CH3/Pictures/./MPCSteadyStateLowLoad100Rpm.pdf> <./Chapters/CH3/Pictures/./MPCSteadyStateHighLoad100Rpm.pdf> <./Chapters/CH3/Pictures/./MPCSteadyStateLowLoad200Rpm.pdf> <./Chapters/CH3/Pictures/./MPCSteadyStateHighLoad200Rpm.pdf>]
<./Chapters/CH3/Pictures/./MPCParameterVariation.pdf, id=1401, 448.67625pt x 323.2075pt>
File: ./Chapters/CH3/Pictures/./MPCParameterVariation.pdf Graphic file (type pdf)
<use ./Chapters/CH3/Pictures/./MPCParameterVariation.pdf>
Package pdftex.def Info: ./Chapters/CH3/Pictures/./MPCParameterVariation.pdf  used on input line 572.
(pdftex.def)             Requested size: 254.71167pt x 183.48056pt.
 [35 <./Chapters/CH3/Pictures/./MPCDynamicResponseLowLoad.pdf> <./Chapters/CH3/Pictures/./MPCDynamicResponseHighLoad.pdf> <./Chapters/CH3/Pictures/./MPCParameterVariation.pdf>]
<./Chapters/CH3/Pictures/./MPCLoadVariation.pdf, id=1425, 416.55624pt x 313.17pt>
File: ./Chapters/CH3/Pictures/./MPCLoadVariation.pdf Graphic file (type pdf)
<use ./Chapters/CH3/Pictures/./MPCLoadVariation.pdf>
Package pdftex.def Info: ./Chapters/CH3/Pictures/./MPCLoadVariation.pdf  used on input line 587.
(pdftex.def)             Requested size: 254.71167pt x 191.49693pt.
) [36 <./Chapters/CH3/Pictures/./MPCLoadVariation.pdf>]
Chapter 4.
(./Chapters/CH4/CH4.tex
Overfull \hbox (0.75583pt too wide) in paragraph at lines 22--23
[]\OT1/ptm/m/n/12 MEASUREMENT SETUP SHOT FROM THE LAB HAS TO BE IN-CLUDED HERE. 
 []

<./Chapters/CH4/Pictures/./InductanceMeas.pdf, id=1436, 374.39874pt x 309.155pt>
File: ./Chapters/CH4/Pictures/./InductanceMeas.pdf Graphic file (type pdf)
<use ./Chapters/CH4/Pictures/./InductanceMeas.pdf>
Package pdftex.def Info: ./Chapters/CH4/Pictures/./InductanceMeas.pdf  used on input line 30.
(pdftex.def)             Requested size: 424.51515pt x 350.55814pt.
[37

]
Overfull \hbox (0.75583pt too wide) in paragraph at lines 50--51
[]\OT1/ptm/m/n/12 MEASUREMENT SETUP SHOT FROM THE LAB HAS TO BE IN-CLUDED HERE. 
 []

[38 <./Chapters/CH4/Pictures/./InductanceMeas.pdf>]
<./Chapters/CH4/Pictures/./FluxLinkageMeas.pdf, id=1456, 384.43625pt x 308.15125pt>
File: ./Chapters/CH4/Pictures/./FluxLinkageMeas.pdf Graphic file (type pdf)
<use ./Chapters/CH4/Pictures/./FluxLinkageMeas.pdf>
Package pdftex.def Info: ./Chapters/CH4/Pictures/./FluxLinkageMeas.pdf  used on input line 72.
(pdftex.def)             Requested size: 424.51515pt x 340.30276pt.
 [39 <./Chapters/CH4/Pictures/./FluxLinkageMeas.pdf>]
<./Chapters/CH4/Pictures/./ViscousFriction.pdf, id=1471, 384.43625pt x 303.1325pt>
File: ./Chapters/CH4/Pictures/./ViscousFriction.pdf Graphic file (type pdf)
<use ./Chapters/CH4/Pictures/./ViscousFriction.pdf>
Package pdftex.def Info: ./Chapters/CH4/Pictures/./ViscousFriction.pdf  used on input line 91.
(pdftex.def)             Requested size: 424.51515pt x 334.76039pt.
 [40 <./Chapters/CH4/Pictures/./ViscousFriction.pdf>]
Overfull \hbox (6.99016pt too wide) in paragraph at lines 105--106
[]\OT1/ptm/m/n/12 Applying the above to the recorded coast{down data and us-ing $\OML/cmm/m/it/12 B \OT1/cmr/m/n/12 = 0\OML/cmm/m/it/12 :\OT1/cmr/m/n/12 004775 []$
 []

<./Chapters/CH4/Pictures/./InverterNonlinearities.png, id=1488, 385.44pt x 268.6035pt>
File: ./Chapters/CH4/Pictures/./InverterNonlinearities.png Graphic file (type png)
<use ./Chapters/CH4/Pictures/./InverterNonlinearities.png>
Package pdftex.def Info: ./Chapters/CH4/Pictures/./InverterNonlinearities.png  used on input line 120.
(pdftex.def)             Requested size: 424.51515pt x 295.83363pt.

LaTeX Warning: `h' float specifier changed to `ht'.


Overfull \hbox (38.28868pt too wide) detected at line 140
[][][]\OML/cmm/m/it/12 v[] \OT1/cmr/m/n/12 = [] []2\OML/cmm/m/it/12 T[] \OMS/cmsy/m/n/12 ^^@ \OML/cmm/m/it/12 T[] \OMS/cmsy/m/n/12 ^^@ \OML/cmm/m/it/12 T[][] \OMS/cmsy/m/n/12 ^^@ [][]\OT1/cmr/m/n/12 2  [] \OML/cmm/m/it/12 i[] \OMS/cmsy/m/n/12 ^^@ [] \OML/cmm/m/it/12 i[] \OMS/cmsy/m/n/12 ^^@ [] \OML/cmm/m/it/12 i[][] \OMS/cmsy/m/n/12 ^^@ [] \OML/cmm/m/it/12 i[];
 []

[41] [42 <./Chapters/CH4/Pictures/./InverterNonlinearities.PNG>]
Overfull \hbox (17.22807pt too wide) in paragraph at lines 201--201
|[]\OT1/ptm/b/n/14.4 PI Con-troller Sim-u-la-tion Mod-el-ing Un-der Inverter-Nonlinearities
 []

<./Chapters/CH4/Pictures/./PIMidSpeedLowLoadSteadyState.pdf, id=1513, 448.67625pt x 327.2225pt>
File: ./Chapters/CH4/Pictures/./PIMidSpeedLowLoadSteadyState.pdf Graphic file (type pdf)
<use ./Chapters/CH4/Pictures/./PIMidSpeedLowLoadSteadyState.pdf>
Package pdftex.def Info: ./Chapters/CH4/Pictures/./PIMidSpeedLowLoadSteadyState.pdf  used on input line 212.
(pdftex.def)             Requested size: 205.8901pt x 150.1547pt.
<./Chapters/CH4/Pictures/./PIMidSpeedMidLoadSteadyState.pdf, id=1514, 448.67625pt x 323.2075pt>
File: ./Chapters/CH4/Pictures/./PIMidSpeedMidLoadSteadyState.pdf Graphic file (type pdf)
<use ./Chapters/CH4/Pictures/./PIMidSpeedMidLoadSteadyState.pdf>
Package pdftex.def Info: ./Chapters/CH4/Pictures/./PIMidSpeedMidLoadSteadyState.pdf  used on input line 220.
(pdftex.def)             Requested size: 205.8901pt x 148.3123pt.

Underfull \vbox (badness 10000) has occurred while \output is active []

 [43]
<./Chapters/CH4/Pictures/./PISteadyStateLowLoad200Rpm.pdf, id=1523, 448.67625pt x 323.2075pt>
File: ./Chapters/CH4/Pictures/./PISteadyStateLowLoad200Rpm.pdf Graphic file (type pdf)
<use ./Chapters/CH4/Pictures/./PISteadyStateLowLoad200Rpm.pdf>
Package pdftex.def Info: ./Chapters/CH4/Pictures/./PISteadyStateLowLoad200Rpm.pdf  used on input line 243.
(pdftex.def)             Requested size: 205.8901pt x 148.3123pt.
<./Chapters/CH4/Pictures/./PISteadyStateHighLoad200Rpm.pdf, id=1524, 448.67625pt x 323.2075pt>
File: ./Chapters/CH4/Pictures/./PISteadyStateHighLoad200Rpm.pdf Graphic file (type pdf)
<use ./Chapters/CH4/Pictures/./PISteadyStateHighLoad200Rpm.pdf>
Package pdftex.def Info: ./Chapters/CH4/Pictures/./PISteadyStateHighLoad200Rpm.pdf  used on input line 251.
(pdftex.def)             Requested size: 205.8901pt x 148.3123pt.
<./Chapters/CH4/Pictures/./PISteadyStateLowLoad100Rpm.pdf, id=1525, 448.67625pt x 323.2075pt>
File: ./Chapters/CH4/Pictures/./PISteadyStateLowLoad100Rpm.pdf Graphic file (type pdf)
<use ./Chapters/CH4/Pictures/./PISteadyStateLowLoad100Rpm.pdf>
Package pdftex.def Info: ./Chapters/CH4/Pictures/./PISteadyStateLowLoad100Rpm.pdf  used on input line 264.
(pdftex.def)             Requested size: 254.71167pt x 183.48056pt.

Underfull \vbox (badness 2261) has occurred while \output is active []

 [44 <./Chapters/CH4/Pictures/./PIMidSpeedLowLoadSteadyState.pdf> <./Chapters/CH4/Pictures/./PIMidSpeedMidLoadSteadyState.pdf> <./Chapters/CH4/Pictures/./PISteadyStateLowLoad200Rpm.pdf> <./Chapters/CH4/Pictures/./PISteadyStateHighLoad200Rpm.pdf>]
<./Chapters/CH4/Pictures/./DynamicResponsePILowLoad.pdf, id=1564, 416.55624pt x 313.17pt>
File: ./Chapters/CH4/Pictures/./DynamicResponsePILowLoad.pdf Graphic file (type pdf)
<use ./Chapters/CH4/Pictures/./DynamicResponsePILowLoad.pdf>
Package pdftex.def Info: ./Chapters/CH4/Pictures/./DynamicResponsePILowLoad.pdf  used on input line 278.
(pdftex.def)             Requested size: 205.8901pt x 154.79263pt.
<./Chapters/CH4/Pictures/./DynamicResponsePIHighLoad.pdf, id=1565, 416.55624pt x 313.17pt>
File: ./Chapters/CH4/Pictures/./DynamicResponsePIHighLoad.pdf Graphic file (type pdf)
<use ./Chapters/CH4/Pictures/./DynamicResponsePIHighLoad.pdf>
Package pdftex.def Info: ./Chapters/CH4/Pictures/./DynamicResponsePIHighLoad.pdf  used on input line 286.
(pdftex.def)             Requested size: 205.8901pt x 154.79263pt.
<./Chapters/CH4/Pictures/./PIParameterVariation.pdf, id=1567, 448.67625pt x 323.2075pt>
File: ./Chapters/CH4/Pictures/./PIParameterVariation.pdf Graphic file (type pdf)
<use ./Chapters/CH4/Pictures/./PIParameterVariation.pdf>
Package pdftex.def Info: ./Chapters/CH4/Pictures/./PIParameterVariation.pdf  used on input line 300.
(pdftex.def)             Requested size: 339.6134pt x 244.64897pt.
 [45 <./Chapters/CH4/Pictures/./PISteadyStateLowLoad100Rpm.pdf> <./Chapters/CH4/Pictures/./DynamicResponsePILowLoad.pdf> <./Chapters/CH4/Pictures/./DynamicResponsePIHighLoad.pdf>]
<./Chapters/CH4/Pictures/./PILoadVariation.pdf, id=1592, 416.55624pt x 313.17pt>
File: ./Chapters/CH4/Pictures/./PILoadVariation.pdf Graphic file (type pdf)
<use ./Chapters/CH4/Pictures/./PILoadVariation.pdf>
Package pdftex.def Info: ./Chapters/CH4/Pictures/./PILoadVariation.pdf  used on input line 314.
(pdftex.def)             Requested size: 254.71167pt x 191.49693pt.

Underfull \vbox (badness 10000) has occurred while \output is active []

 [46 <./Chapters/CH4/Pictures/./PIParameterVariation.pdf>]
<./Chapters/CH4/Pictures/FCSMidSpeedMidLoadSteadyState.pdf, id=1608, 448.67625pt x 323.2075pt>
File: ./Chapters/CH4/Pictures/FCSMidSpeedMidLoadSteadyState.pdf Graphic file (type pdf)
<use ./Chapters/CH4/Pictures/FCSMidSpeedMidLoadSteadyState.pdf>
Package pdftex.def Info: ./Chapters/CH4/Pictures/FCSMidSpeedMidLoadSteadyState.pdf  used on input line 328.
(pdftex.def)             Requested size: 254.71167pt x 183.48056pt.
 [47 <./Chapters/CH4/Pictures/./PILoadVariation.pdf> <./Chapters/CH4/Pictures/FCSMidSpeedMidLoadSteadyState.pdf>]
<./Chapters/CH4/Pictures/FCSSteadyStateLowLoad200Rpm.pdf, id=1628, 448.67625pt x 323.2075pt>
File: ./Chapters/CH4/Pictures/FCSSteadyStateLowLoad200Rpm.pdf Graphic file (type pdf)
<use ./Chapters/CH4/Pictures/FCSSteadyStateLowLoad200Rpm.pdf>
Package pdftex.def Info: ./Chapters/CH4/Pictures/FCSSteadyStateLowLoad200Rpm.pdf  used on input line 345.
(pdftex.def)             Requested size: 205.8901pt x 148.3123pt.
<./Chapters/CH4/Pictures/FCSSteadyStateHighLoad200Rpm.pdf, id=1629, 448.67625pt x 323.2075pt>
File: ./Chapters/CH4/Pictures/FCSSteadyStateHighLoad200Rpm.pdf Graphic file (type pdf)
<use ./Chapters/CH4/Pictures/FCSSteadyStateHighLoad200Rpm.pdf>
Package pdftex.def Info: ./Chapters/CH4/Pictures/FCSSteadyStateHighLoad200Rpm.pdf  used on input line 353.
(pdftex.def)             Requested size: 205.8901pt x 148.3123pt.
<./Chapters/CH4/Pictures/./FCSDynamicResponseLowLoad.pdf, id=1631, 416.55624pt x 313.17pt>
File: ./Chapters/CH4/Pictures/./FCSDynamicResponseLowLoad.pdf Graphic file (type pdf)
<use ./Chapters/CH4/Pictures/./FCSDynamicResponseLowLoad.pdf>
Package pdftex.def Info: ./Chapters/CH4/Pictures/./FCSDynamicResponseLowLoad.pdf  used on input line 371.
(pdftex.def)             Requested size: 254.71167pt x 191.49693pt.

Underfull \vbox (badness 10000) has occurred while \output is active []

 [48 <./Chapters/CH4/Pictures/FCSSteadyStateLowLoad200Rpm.pdf> <./Chapters/CH4/Pictures/FCSSteadyStateHighLoad200Rpm.pdf>]
<./Chapters/CH4/Pictures/FCSParameterVariation.pdf, id=1653, 448.67625pt x 323.2075pt>
File: ./Chapters/CH4/Pictures/FCSParameterVariation.pdf Graphic file (type pdf)
<use ./Chapters/CH4/Pictures/FCSParameterVariation.pdf>
Package pdftex.def Info: ./Chapters/CH4/Pictures/FCSParameterVariation.pdf  used on input line 386.
(pdftex.def)             Requested size: 254.71167pt x 183.48056pt.

Overfull \hbox (0.14604pt too wide) in paragraph at lines 393--396
\OT1/ptm/m/n/12 FCS{MPC main-tains the com-manded speed with-out fail-ures or steady-state deviation|$\OML/cmm/m/it/12 i[]$
 []

[49 <./Chapters/CH4/Pictures/./FCSDynamicResponseLowLoad.pdf> <./Chapters/CH4/Pictures/FCSParameterVariation.pdf>]
<./Chapters/CH4/Pictures/FCSLoadVariation.pdf, id=1679, 416.55624pt x 313.17pt>
File: ./Chapters/CH4/Pictures/FCSLoadVariation.pdf Graphic file (type pdf)
<use ./Chapters/CH4/Pictures/FCSLoadVariation.pdf>
Package pdftex.def Info: ./Chapters/CH4/Pictures/FCSLoadVariation.pdf  used on input line 400.
(pdftex.def)             Requested size: 254.71167pt x 191.49693pt.
<./Chapters/CH4/Pictures/MPCMidSpeedLowLoadSteadyState.pdf, id=1682, 448.67625pt x 323.2075pt>
File: ./Chapters/CH4/Pictures/MPCMidSpeedLowLoadSteadyState.pdf Graphic file (type pdf)
<use ./Chapters/CH4/Pictures/MPCMidSpeedLowLoadSteadyState.pdf>
Package pdftex.def Info: ./Chapters/CH4/Pictures/MPCMidSpeedLowLoadSteadyState.pdf  used on input line 417.
(pdftex.def)             Requested size: 205.8901pt x 148.3123pt.
<./Chapters/CH4/Pictures/MPCMidSpeedMidLoadSteadyState.pdf, id=1683, 448.67625pt x 323.2075pt>
File: ./Chapters/CH4/Pictures/MPCMidSpeedMidLoadSteadyState.pdf Graphic file (type pdf)
<use ./Chapters/CH4/Pictures/MPCMidSpeedMidLoadSteadyState.pdf>
Package pdftex.def Info: ./Chapters/CH4/Pictures/MPCMidSpeedMidLoadSteadyState.pdf  used on input line 425.
(pdftex.def)             Requested size: 205.8901pt x 148.3123pt.

Underfull \vbox (badness 6300) has occurred while \output is active []

 [50 <./Chapters/CH4/Pictures/FCSLoadVariation.pdf>] [51 <./Chapters/CH4/Pictures/MPCMidSpeedLowLoadSteadyState.pdf> <./Chapters/CH4/Pictures/MPCMidSpeedMidLoadSteadyState.pdf>]
<./Chapters/CH4/Pictures/./MPCSteadyStateLowLoad100Rpm.pdf, id=1718, 448.67625pt x 323.2075pt>
File: ./Chapters/CH4/Pictures/./MPCSteadyStateLowLoad100Rpm.pdf Graphic file (type pdf)
<use ./Chapters/CH4/Pictures/./MPCSteadyStateLowLoad100Rpm.pdf>
Package pdftex.def Info: ./Chapters/CH4/Pictures/./MPCSteadyStateLowLoad100Rpm.pdf  used on input line 447.
(pdftex.def)             Requested size: 205.8901pt x 148.3123pt.
<./Chapters/CH4/Pictures/./MPCSteadyStateHighLoad100Rpm.pdf, id=1719, 448.67625pt x 323.2075pt>
File: ./Chapters/CH4/Pictures/./MPCSteadyStateHighLoad100Rpm.pdf Graphic file (type pdf)
<use ./Chapters/CH4/Pictures/./MPCSteadyStateHighLoad100Rpm.pdf>
Package pdftex.def Info: ./Chapters/CH4/Pictures/./MPCSteadyStateHighLoad100Rpm.pdf  used on input line 454.
(pdftex.def)             Requested size: 205.8901pt x 148.3123pt.
<./Chapters/CH4/Pictures/./MPCSteadyStateLowLoad200Rpm.pdf, id=1720, 448.67625pt x 323.2075pt>
File: ./Chapters/CH4/Pictures/./MPCSteadyStateLowLoad200Rpm.pdf Graphic file (type pdf)
<use ./Chapters/CH4/Pictures/./MPCSteadyStateLowLoad200Rpm.pdf>
Package pdftex.def Info: ./Chapters/CH4/Pictures/./MPCSteadyStateLowLoad200Rpm.pdf  used on input line 464.
(pdftex.def)             Requested size: 205.8901pt x 148.3123pt.
<./Chapters/CH4/Pictures/./MPCSteadyStateHighLoad200Rpm.pdf, id=1721, 448.67625pt x 323.2075pt>
File: ./Chapters/CH4/Pictures/./MPCSteadyStateHighLoad200Rpm.pdf Graphic file (type pdf)
<use ./Chapters/CH4/Pictures/./MPCSteadyStateHighLoad200Rpm.pdf>
Package pdftex.def Info: ./Chapters/CH4/Pictures/./MPCSteadyStateHighLoad200Rpm.pdf  used on input line 471.
(pdftex.def)             Requested size: 205.8901pt x 148.3123pt.
 [52 <./Chapters/CH4/Pictures/./MPCSteadyStateLowLoad100Rpm.pdf> <./Chapters/CH4/Pictures/./MPCSteadyStateHighLoad100Rpm.pdf> <./Chapters/CH4/Pictures/./MPCSteadyStateLowLoad200Rpm.pdf> <./Chapters/CH4/Pictures/./MPCSteadyStateHighLoad200Rpm.pdf>]
<./Chapters/CH4/Pictures/MPCDynamicResponseLowLoad.pdf, id=1761, 416.55624pt x 313.17pt>
File: ./Chapters/CH4/Pictures/MPCDynamicResponseLowLoad.pdf Graphic file (type pdf)
<use ./Chapters/CH4/Pictures/MPCDynamicResponseLowLoad.pdf>
Package pdftex.def Info: ./Chapters/CH4/Pictures/MPCDynamicResponseLowLoad.pdf  used on input line 492.
(pdftex.def)             Requested size: 205.8901pt x 154.79263pt.
<./Chapters/CH4/Pictures/MPCDynamicResponseHighLoad.pdf, id=1762, 416.55624pt x 313.17pt>
File: ./Chapters/CH4/Pictures/MPCDynamicResponseHighLoad.pdf Graphic file (type pdf)
<use ./Chapters/CH4/Pictures/MPCDynamicResponseHighLoad.pdf>
Package pdftex.def Info: ./Chapters/CH4/Pictures/MPCDynamicResponseHighLoad.pdf  used on input line 500.
(pdftex.def)             Requested size: 205.8901pt x 154.79263pt.
<./Chapters/CH4/Pictures/MPCParameterVariation.pdf, id=1766, 448.67625pt x 323.2075pt>
File: ./Chapters/CH4/Pictures/MPCParameterVariation.pdf Graphic file (type pdf)
<use ./Chapters/CH4/Pictures/MPCParameterVariation.pdf>
Package pdftex.def Info: ./Chapters/CH4/Pictures/MPCParameterVariation.pdf  used on input line 517.
(pdftex.def)             Requested size: 254.71167pt x 183.48056pt.
 [53 <./Chapters/CH4/Pictures/MPCDynamicResponseLowLoad.pdf> <./Chapters/CH4/Pictures/MPCDynamicResponseHighLoad.pdf> <./Chapters/CH4/Pictures/MPCParameterVariation.pdf>]
<./Chapters/CH4/Pictures/MPCLoadVariation.pdf, id=1791, 416.55624pt x 313.17pt>
File: ./Chapters/CH4/Pictures/MPCLoadVariation.pdf Graphic file (type pdf)
<use ./Chapters/CH4/Pictures/MPCLoadVariation.pdf>
Package pdftex.def Info: ./Chapters/CH4/Pictures/MPCLoadVariation.pdf  used on input line 533.
(pdftex.def)             Requested size: 254.71167pt x 191.49693pt.
) [54 <./Chapters/CH4/Pictures/MPCLoadVariation.pdf>]
Chapter 5.
(./Chapters/CH5/CH5.tex
Overfull \hbox (21.52083pt too wide) in paragraph at lines 8--9
\OT1/ptm/m/n/12 This sec-tion de-vel-ops a con-tin-u-ous nar-ra-tive from stan-dard three-phase mod-el-ing to harmonic-
 []


Overfull \hbox (1.925pt too wide) in paragraph at lines 29--31
\OT1/ptm/m/n/12 and then the Park trans-for-ma-tion to ro-tate into the fun-da-men-tal syn-chronous frame aligned
 []

[55

] [56] [57]
Overfull \hbox (2.13744pt too wide) in paragraph at lines 211--211
|[]\OT1/ptm/b/n/16 Hybrid Mod-u-lated Model Pre-dic-tive Con-troller with Non-
 []


LaTeX Warning: Reference `eq:iq_total' on page 58 undefined on input line 246.


Overfull \hbox (76.89859pt too wide) detected at line 280
[][][][][]
 []

[58]

LaTeX Warning: Citation 'harmonics_MSRF' on page 59 undefined on input line 313.


LaTeX Warning: Citation 'MSRF_2016' on page 59 undefined on input line 313.

[59] [60]
<./Chapters/CH5/Pictures/hybrid_MPC_updated.pdf, id=1874, 796.9775pt x 541.02126pt>
File: ./Chapters/CH5/Pictures/hybrid_MPC_updated.pdf Graphic file (type pdf)
<use ./Chapters/CH5/Pictures/hybrid_MPC_updated.pdf>
Package pdftex.def Info: ./Chapters/CH5/Pictures/hybrid_MPC_updated.pdf  used on input line 585.
(pdftex.def)             Requested size: 424.51515pt x 288.17632pt.
 [61 <./Chapters/CH5/Pictures/hybrid_MPC_updated.pdf>]
Overfull \hbox (62.74841pt too wide) in paragraph at lines 662--668
[]\OT1/ptm/m/n/12 Form the de-com-posed voltage-drop com-po-nents $[] \OML/cmm/m/it/12 ;  [][] ;  [][] :$ 
 []

[62]
Overfull \hbox (18.38185pt too wide) detected at line 680
[] \OT1/cmr/m/n/12 = [][] [] \OML/cmm/m/it/12 ;  [] \OT1/cmr/m/n/12 = [][] [] \OML/cmm/m/it/12 :
 []

<./Chapters/CH5/Pictures/MPCMidSpeedLowLoadSteadyState.pdf, id=1906, 448.67625pt x 323.2075pt>
File: ./Chapters/CH5/Pictures/MPCMidSpeedLowLoadSteadyState.pdf Graphic file (type pdf)
<use ./Chapters/CH5/Pictures/MPCMidSpeedLowLoadSteadyState.pdf>
Package pdftex.def Info: ./Chapters/CH5/Pictures/MPCMidSpeedLowLoadSteadyState.pdf  used on input line 706.
(pdftex.def)             Requested size: 205.8901pt x 148.3123pt.
<./Chapters/CH5/Pictures/MPCMidSpeedMidLoadSteadyState.pdf, id=1907, 448.67625pt x 323.2075pt>
File: ./Chapters/CH5/Pictures/MPCMidSpeedMidLoadSteadyState.pdf Graphic file (type pdf)
<use ./Chapters/CH5/Pictures/MPCMidSpeedMidLoadSteadyState.pdf>
Package pdftex.def Info: ./Chapters/CH5/Pictures/MPCMidSpeedMidLoadSteadyState.pdf  used on input line 714.
(pdftex.def)             Requested size: 205.8901pt x 148.3123pt.
[63]
<./Chapters/CH5/Pictures/./MPCSteadyStateLowLoad100Rpm.pdf, id=1921, 448.67625pt x 323.2075pt>
File: ./Chapters/CH5/Pictures/./MPCSteadyStateLowLoad100Rpm.pdf Graphic file (type pdf)
<use ./Chapters/CH5/Pictures/./MPCSteadyStateLowLoad100Rpm.pdf>
Package pdftex.def Info: ./Chapters/CH5/Pictures/./MPCSteadyStateLowLoad100Rpm.pdf  used on input line 733.
(pdftex.def)             Requested size: 169.80347pt x 122.31708pt.
<./Chapters/CH5/Pictures/./MPCSteadyStateHighLoad100Rpm.pdf, id=1922, 448.67625pt x 323.2075pt>
File: ./Chapters/CH5/Pictures/./MPCSteadyStateHighLoad100Rpm.pdf Graphic file (type pdf)
<use ./Chapters/CH5/Pictures/./MPCSteadyStateHighLoad100Rpm.pdf>
Package pdftex.def Info: ./Chapters/CH5/Pictures/./MPCSteadyStateHighLoad100Rpm.pdf  used on input line 740.
(pdftex.def)             Requested size: 169.80347pt x 122.31708pt.
<./Chapters/CH5/Pictures/./MPCSteadyStateLowLoad200Rpm.pdf, id=1923, 448.67625pt x 323.2075pt>
File: ./Chapters/CH5/Pictures/./MPCSteadyStateLowLoad200Rpm.pdf Graphic file (type pdf)
<use ./Chapters/CH5/Pictures/./MPCSteadyStateLowLoad200Rpm.pdf>
Package pdftex.def Info: ./Chapters/CH5/Pictures/./MPCSteadyStateLowLoad200Rpm.pdf  used on input line 751.
(pdftex.def)             Requested size: 169.80347pt x 122.31708pt.
<./Chapters/CH5/Pictures/./MPCSteadyStateHighLoad200Rpm.pdf, id=1924, 448.67625pt x 323.2075pt>
File: ./Chapters/CH5/Pictures/./MPCSteadyStateHighLoad200Rpm.pdf Graphic file (type pdf)
<use ./Chapters/CH5/Pictures/./MPCSteadyStateHighLoad200Rpm.pdf>
Package pdftex.def Info: ./Chapters/CH5/Pictures/./MPCSteadyStateHighLoad200Rpm.pdf  used on input line 758.
(pdftex.def)             Requested size: 169.80347pt x 122.31708pt.

Underfull \vbox (badness 5345) has occurred while \output is active []

 [64 <./Chapters/CH5/Pictures/MPCMidSpeedLowLoadSteadyState.pdf> <./Chapters/CH5/Pictures/MPCMidSpeedMidLoadSteadyState.pdf> <./Chapters/CH5/Pictures/./MPCSteadyStateLowLoad100Rpm.pdf> <./Chapters/CH5/Pictures/./MPCSteadyStateHighLoad100Rpm.pdf> <./Chapters/CH5/Pictures/./MPCSteadyStateLowLoad200Rpm.pdf> <./Chapters/CH5/Pictures/./MPCSteadyStateHighLoad200Rpm.pdf>]
<./Chapters/CH5/Pictures/MPCDynamicResponseLowLoad.pdf, id=1985, 416.55624pt x 313.17pt>
File: ./Chapters/CH5/Pictures/MPCDynamicResponseLowLoad.pdf Graphic file (type pdf)
<use ./Chapters/CH5/Pictures/MPCDynamicResponseLowLoad.pdf>
Package pdftex.def Info: ./Chapters/CH5/Pictures/MPCDynamicResponseLowLoad.pdf  used on input line 780.
(pdftex.def)             Requested size: 205.8901pt x 154.79263pt.
<./Chapters/CH5/Pictures/MPCDynamicResponseHighLoad.pdf, id=1986, 416.55624pt x 313.17pt>
File: ./Chapters/CH5/Pictures/MPCDynamicResponseHighLoad.pdf Graphic file (type pdf)
<use ./Chapters/CH5/Pictures/MPCDynamicResponseHighLoad.pdf>
Package pdftex.def Info: ./Chapters/CH5/Pictures/MPCDynamicResponseHighLoad.pdf  used on input line 788.
(pdftex.def)             Requested size: 205.8901pt x 154.79263pt.
 [65 <./Chapters/CH5/Pictures/MPCDynamicResponseLowLoad.pdf> <./Chapters/CH5/Pictures/MPCDynamicResponseHighLoad.pdf>]
<./Chapters/CH5/Pictures/MPCParameterVariation.pdf, id=2003, 448.67625pt x 323.2075pt>
File: ./Chapters/CH5/Pictures/MPCParameterVariation.pdf Graphic file (type pdf)
<use ./Chapters/CH5/Pictures/MPCParameterVariation.pdf>
Package pdftex.def Info: ./Chapters/CH5/Pictures/MPCParameterVariation.pdf  used on input line 808.
(pdftex.def)             Requested size: 297.1593pt x 214.06723pt.
<./Chapters/CH5/Pictures/MPCLoadVariation.pdf, id=2006, 416.55624pt x 313.17pt>
File: ./Chapters/CH5/Pictures/MPCLoadVariation.pdf Graphic file (type pdf)
<use ./Chapters/CH5/Pictures/MPCLoadVariation.pdf>
Package pdftex.def Info: ./Chapters/CH5/Pictures/MPCLoadVariation.pdf  used on input line 826.
(pdftex.def)             Requested size: 254.71167pt x 191.49693pt.

Underfull \vbox (badness 10000) has occurred while \output is active []

 [66 <./Chapters/CH5/Pictures/MPCParameterVariation.pdf>] [67 <./Chapters/CH5/Pictures/MPCLoadVariation.pdf>]
Overfull \hbox (8.76465pt too wide) in paragraph at lines 844--845
[]\OT1/ptm/m/n/12 The steady-state re-sults are sum-ma-rized in Ta-ble []5.1[] and il-lus-trated in Fig-ures []5.7[]and []5.8[].
 []

<./Chapters/CH5/Pictures/./SteadyState100Rpm.pdf, id=2031, 448.67625pt x 335.2525pt>
File: ./Chapters/CH5/Pictures/./SteadyState100Rpm.pdf Graphic file (type pdf)
<use ./Chapters/CH5/Pictures/./SteadyState100Rpm.pdf>
Package pdftex.def Info: ./Chapters/CH5/Pictures/./SteadyState100Rpm.pdf  used on input line 863.
(pdftex.def)             Requested size: 339.6134pt x 253.76633pt.
<./Chapters/CH5/Pictures/./SteadyState200Rpm.pdf, id=2032, 429.605pt x 321.2pt>
File: ./Chapters/CH5/Pictures/./SteadyState200Rpm.pdf Graphic file (type pdf)
<use ./Chapters/CH5/Pictures/./SteadyState200Rpm.pdf>
Package pdftex.def Info: ./Chapters/CH5/Pictures/./SteadyState200Rpm.pdf  used on input line 870.
(pdftex.def)             Requested size: 339.6134pt x 253.92166pt.
<./Chapters/CH5/Pictures/./hardware_setup.pdf, id=2033, 2549.525pt x 2623.8025pt>
File: ./Chapters/CH5/Pictures/./hardware_setup.pdf Graphic file (type pdf)
<use ./Chapters/CH5/Pictures/./hardware_setup.pdf>
Package pdftex.def Info: ./Chapters/CH5/Pictures/./hardware_setup.pdf  used on input line 877.
(pdftex.def)             Requested size: 227.62204pt x 234.25035pt.

Underfull \vbox (badness 10000) has occurred while \output is active []

 [68 <./Chapters/CH5/Pictures/./SteadyState100Rpm.pdf>] [69 <./Chapters/CH5/Pictures/./SteadyState200Rpm.pdf> <./Chapters/CH5/Pictures/./hardware_setup.pdf>]
<./Chapters/CH5/Pictures/./DynamicResponseHE.pdf, id=2065, 416.55624pt x 313.17pt>
File: ./Chapters/CH5/Pictures/./DynamicResponseHE.pdf Graphic file (type pdf)
<use ./Chapters/CH5/Pictures/./DynamicResponseHE.pdf>
Package pdftex.def Info: ./Chapters/CH5/Pictures/./DynamicResponseHE.pdf  used on input line 889.
(pdftex.def)             Requested size: 254.71167pt x 191.49693pt.
<./Chapters/CH5/Pictures/./DynamicResponseAll.pdf, id=2066, 416.55624pt x 318.18875pt>
File: ./Chapters/CH5/Pictures/./DynamicResponseAll.pdf Graphic file (type pdf)
<use ./Chapters/CH5/Pictures/./DynamicResponseAll.pdf>
Package pdftex.def Info: ./Chapters/CH5/Pictures/./DynamicResponseAll.pdf  used on input line 896.
(pdftex.def)             Requested size: 254.71167pt x 194.5658pt.
 [70 <./Chapters/CH5/Pictures/./DynamicResponseHE.pdf> <./Chapters/CH5/Pictures/./DynamicResponseAll.pdf>]
<./Chapters/CH5/Pictures/./ParameterVariation.pdf, id=2083, 429.605pt x 321.2pt>
File: ./Chapters/CH5/Pictures/./ParameterVariation.pdf Graphic file (type pdf)
<use ./Chapters/CH5/Pictures/./ParameterVariation.pdf>
Package pdftex.def Info: ./Chapters/CH5/Pictures/./ParameterVariation.pdf  used on input line 909.
(pdftex.def)             Requested size: 254.71167pt x 190.44247pt.
 [71 <./Chapters/CH5/Pictures/./ParameterVariation.pdf>]
<./Chapters/CH5/Pictures/./CPU_Load_PI.png, id=2097, 1541.76pt x 1027.84pt>
File: ./Chapters/CH5/Pictures/./CPU_Load_PI.png Graphic file (type png)
<use ./Chapters/CH5/Pictures/./CPU_Load_PI.png>
Package pdftex.def Info: ./Chapters/CH5/Pictures/./CPU_Load_PI.png  used on input line 939.
(pdftex.def)             Requested size: 127.35583pt x 84.89508pt.
<./Chapters/CH5/Pictures/./CPU_Load_MPC_NHE.png, id=2098, 1541.76pt x 1027.84pt>
File: ./Chapters/CH5/Pictures/./CPU_Load_MPC_NHE.png Graphic file (type png)
<use ./Chapters/CH5/Pictures/./CPU_Load_MPC_NHE.png>
Package pdftex.def Info: ./Chapters/CH5/Pictures/./CPU_Load_MPC_NHE.png  used on input line 943.
(pdftex.def)             Requested size: 127.35583pt x 84.89508pt.
<./Chapters/CH5/Pictures/./CPU_Load_MPC_HE.png, id=2099, 1541.76pt x 1027.84pt>
File: ./Chapters/CH5/Pictures/./CPU_Load_MPC_HE.png Graphic file (type png)
<use ./Chapters/CH5/Pictures/./CPU_Load_MPC_HE.png>
Package pdftex.def Info: ./Chapters/CH5/Pictures/./CPU_Load_MPC_HE.png  used on input line 947.
(pdftex.def)             Requested size: 127.35583pt x 84.89508pt.
) [72 <./Chapters/CH5/Pictures/./CPU_Load_PI.png (PNG copy)> <./Chapters/CH5/Pictures/./CPU_Load_MPC_NHE.png (PNG copy)> <./Chapters/CH5/Pictures/./CPU_Load_MPC_HE.png (PNG copy)>]
Chapter 6.
(./Chapters/Conclusion/Conclusion.tex
Overfull \hbox (4.78004pt too wide) in paragraph at lines 8--9
\OT1/ptm/m/n/12 THD at $\OT1/cmr/m/n/12 1000 []$\OT1/ptm/m/n/12 ) and well-damped dy-nam-ics; FCS{MPC ex-hibits the ex-pected staircase-
 []

[73

]
Underfull \vbox (badness 1264) has occurred while \output is active []

 [74]
Overfull \hbox (13.47993pt too wide) in paragraph at lines 30--31
\OT1/ptm/m/n/12 Overall, the the-sis demon-strates that MMPC|particularly with har-monic ex-trac-tion|offers
 []

)

LaTeX Warning: Empty bibliography on input line 238.

[75] (./MAIN.aux)
 ***********
LaTeX2e <2025-11-01>
L3 programming layer <2025-11-06>
 ***********


LaTeX Warning: There were undefined references.


LaTeX Warning: There were multiply-defined labels.

Package rerunfilecheck Info: File `MAIN.out' has not changed.
(rerunfilecheck)             Checksum: C15D1891D7469E2497A7557A974B876B;19430.

Package biblatex Warning: Please (re)run BibTeX on the file(s):
(biblatex)                MAIN
(biblatex)                and rerun LaTeX afterwards.

Package logreq Info: Writing requests to 'MAIN.run.xml'.
\openout1 = `MAIN.run.xml'.

 ) 
Here is how much of TeX's memory you used:
 59060 strings out of 467538
 1418460 string characters out of 5419552
 2251342 words of memory out of 8000000
 86844 multiletter control sequences out of 15000+600000
 667066 words of font info for 144 fonts, out of 8000000 for 9000
 1141 hyphenation exceptions out of 8191
 102i,17n,107p,1863b,1161s stack positions out of 10000i,1000n,20000p,200000b,200000s
</usr/local/texlive/2025/texmf-dist/fonts/type1/public/amsfonts/cm/cmbx12.pfb></usr/local/texlive/2025/texmf-dist/fonts/type1/public/amsfonts/cm/cmbx8.pfb></usr/local/texlive/2025/texmf-dist/fonts/type1/public/amsfonts/cm/cmex10.pfb></usr/local/texlive/2025/texmf-dist/fonts/type1/public/amsfonts/cm/cmmi10.pfb></usr/local/texlive/2025/texmf-dist/fonts/type1/public/amsfonts/cm/cmmi12.pfb></usr/local/texlive/2025/texmf-dist/fonts/type1/public/amsfonts/cm/cmmi6.pfb></usr/local/texlive/2025/texmf-dist/fonts/type1/public/amsfonts/cm/cmmi8.pfb></usr/local/texlive/2025/texmf-dist/fonts/type1/public/amsfonts/cm/cmmib10.pfb></usr/local/texlive/2025/texmf-dist/fonts/type1/public/amsfonts/cm/cmr10.pfb></usr/local/texlive/2025/texmf-dist/fonts/type1/public/amsfonts/cm/cmr12.pfb></usr/local/texlive/2025/texmf-dist/fonts/type1/public/amsfonts/cm/cmr17.pfb></usr/local/texlive/2025/texmf-dist/fonts/type1/public/amsfonts/cm/cmr6.pfb></usr/local/texlive/2025/texmf-dist/fonts/type1/public/amsfonts/cm/cm
r8.pfb></usr/local/texlive/2025/texmf-dist/fonts/type1/public/amsfonts/cm/cmsy10.pfb></usr/local/texlive/2025/texmf-dist/fonts/type1/public/amsfonts/cm/cmsy6.pfb></usr/local/texlive/2025/texmf-dist/fonts/type1/public/amsfonts/cm/cmsy8.pfb></usr/local/texlive/2025/texmf-dist/fonts/type1/public/amsfonts/cm/cmti10.pfb></usr/local/texlive/2025/texmf-dist/fonts/type1/urw/times/utmb8a.pfb></usr/local/texlive/2025/texmf-dist/fonts/type1/urw/times/utmr8a.pfb></usr/local/texlive/2025/texmf-dist/fonts/type1/urw/times/utmri8a.pfb>
Output written on MAIN.pdf (84 pages, 25861509 bytes).
PDF statistics:
 2295 PDF objects out of 2487 (max. 8388607)
 1926 compressed objects within 20 object streams
 429 named destinations out of 1000 (max. 500000)
 1215 words of extra memory for PDF output out of 10000 (max. 10000000)

